symbol,funding_rate,funding_time,mark_price
BIDUSDT,0.00426483,1742472000000,0.09187049
BIDUSDT,0.00096832,1742486400000,0.08574894
BIDUSDT,0.00115282,1742500800000,0.08403000
BIDUSDT,0.00119418,1742515200000,0.08462126
BIDUSDT,0.00172591,1742529600000,0.08155000
BIDUSDT,0.00184295,1742544000000,0.07300573
BIDUSDT,0.00100946,1742558400000,0.06873000
BIDUSDT,0.00359037,1742572800000,0.06875000
BIDUSDT,0.00075028,1742587200000,0.06888000
BIDUSDT,0.00058375,1742601600000,0.06696000
BIDUSDT,0.00121628,1742616000001,0.06041144
BIDUSDT,0.00173474,1742630400004,0.06066000
BIDUSDT,0.00120906,1742644800013,0.06072000
BIDUSDT,0.00211537,1742659200000,0.05704516
BIDUSDT,0.00192735,1742673600001,0.06005373
BIDUSDT,0.00196759,1742688000000,0.05824995
BIDUSDT,0.00140320,1742702400000,0.05720000
BIDUSDT,0.00010078,1742716800000,0.05776318
BIDUSDT,0.00185123,1742731200000,0.05790668
BIDUSDT,0.00081245,1742745600000,0.06091000
BIDUSDT,0.00068928,1742760000000,0.06215766
BIDUSDT,0.00181252,1742774400000,0.05995000
BIDUSDT,0.00068279,1742788800000,0.06199412
BIDUSDT,0.00040916,1742803200000,0.06138406
BIDUSDT,0.00066212,1742817600000,0.06075000
BIDUSDT,0.00005000,1742832000000,0.05809165
BIDUSDT,0.00005000,1742846400004,0.05898000
BIDUSDT,0.00005000,1742860800001,0.05865357
BIDUSDT,0.00086285,1742875200000,0.05806000
BIDUSDT,0.00066302,1742889600000,0.05828000
BIDUSDT,0.00069731,1742904000000,0.05617000
BIDUSDT,0.00005000,1742918400000,0.05681114
BIDUSDT,0.00028293,1742932800000,0.05678000
BIDUSDT,0.00005000,1742947200000,0.05776529
BIDUSDT,0.00005000,1742961600001,0.05594000
BIDUSDT,0.00005000,1742976000000,0.05388000
BIDUSDT,0.00010788,1742990400000,0.05474000
BIDUSDT,0.00006715,1743004800001,0.05183817
BIDUSDT,0.00032909,1743019200000,0.05246136
BIDUSDT,0.00028500,1743033600001,0.05180556
BIDUSDT,0.00005000,1743048000000,0.05363362
BIDUSDT,0.00005000,1743062400001,0.05425002
BIDUSDT,0.00005000,1743076800000,0.05127512
BIDUSDT,0.00005000,1743091200002,0.05302000
BIDUSDT,0.00106804,1743105600000,0.05312940
BIDUSDT,0.00088537,1743120000001,0.05233177
BIDUSDT,0.00005000,1743134400000,0.05056850
BIDUSDT,0.00022013,1743148800001,0.05308000
BIDUSDT,0.00066167,1743163200000,0.05432971
BIDUSDT,0.00072353,1743177600000,0.05399651
BIDUSDT,0.00019864,1743192000000,0.05453000
BIDUSDT,0.00063560,1743206400000,0.05734000
BIDUSDT,0.00022250,1743220800001,0.05654242
BIDUSDT,0.00066970,1743235200000,0.05802000
BIDUSDT,0.00006781,1743249600000,0.04885312
BIDUSDT,0.00005000,1743264000000,0.04955952
BIDUSDT,0.00005000,1743278400000,0.04942269
BIDUSDT,0.00037688,1743292800000,0.05010000
BIDUSDT,0.00005000,1743307200000,0.04986000
BIDUSDT,0.00005000,1743321600000,0.05031088
BIDUSDT,0.00005000,1743336000000,0.04952074
BIDUSDT,0.00031628,1743350400000,0.04975916
BIDUSDT,0.00005000,1743364800000,0.05036434
BIDUSDT,0.00027069,1743379200000,0.04980429
BIDUSDT,0.00026975,1743393600000,0.05070000
BIDUSDT,0.00005000,1743408000000,0.04991245
BIDUSDT,0.00092980,1743422400000,0.05053000
BIDUSDT,0.00084708,1743436800000,0.05117358
BIDUSDT,0.00050654,1743451200000,0.05016000
BIDUSDT,0.00005000,1743465600000,0.04962707
BIDUSDT,0.00047972,1743480000001,0.04948337
BIDUSDT,0.00090205,1743494400001,0.05133000
BIDUSDT,0.00005000,1743508800000,0.04963843
BIDUSDT,0.00005000,1743523200000,0.04927275
BIDUSDT,0.00005000,1743537600003,0.04728729
BIDUSDT,0.00005000,1743552000001,0.04649456
BIDUSDT,0.00005000,1743566400001,0.04125549
BIDUSDT,0.00019877,1743580800000,0.04228978
BIDUSDT,0.00023360,1743595200002,0.04200000
BIDUSDT,0.00062353,1743609600000,0.04335937
BIDUSDT,0.00005000,1743624000000,0.04234507
BIDUSDT,0.00129729,1743638400000,0.04189000
BIDUSDT,0.00046296,1743652800000,0.04244000
BIDUSDT,0.00062067,1743667200000,0.04258000
BIDUSDT,0.00018309,1743681600000,0.04235000
BIDUSDT,0.00005000,1743696000000,0.04021000
BIDUSDT,0.00005000,1743710400000,0.04077784
BIDUSDT,0.00016608,1743724800000,0.04350000
BIDUSDT,0.00005000,1743739200000,0.03940213
BIDUSDT,0.00005000,1743753600000,0.04039595
BIDUSDT,0.00005000,1743768000000,0.03903938
BIDUSDT,0.00035294,1743782400000,0.04058000
BIDUSDT,0.00016953,1743796800001,0.04113000
BIDUSDT,0.00005000,1743811200000,0.04099000
BIDUSDT,0.00005000,1743825600000,0.04062091
BIDUSDT,0.00022944,1743840000000,0.04177000
BIDUSDT,0.00005000,1743854400000,0.04089000
BIDUSDT,0.00005000,1743868800000,0.04085454
BIDUSDT,0.00005000,1743883200000,0.04076368
BIDUSDT,0.00005000,1743897600000,0.04106000
BIDUSDT,0.00005000,1743912000000,0.04013000
BIDUSDT,0.00045784,1743926400000,0.03954446
BIDUSDT,0.00005000,1743940800001,0.03919174
BIDUSDT,0.00005000,1743955200002,0.04003648
BIDUSDT,0.00005000,1743969600001,0.03471595
BIDUSDT,0.00005000,1743984000000,0.03427397
BIDUSDT,0.00005000,1743998400000,0.03234000
BIDUSDT,0.00022873,1744012800000,0.03208570
BIDUSDT,0.00077022,1744027200000,0.03488644
BIDUSDT,0.00005000,1744041600000,0.03467346
BIDUSDT,0.00005000,1744056000000,0.03475000
BIDUSDT,0.00005000,1744070400000,0.03472859
BIDUSDT,0.00005000,1744084800000,0.03441461
BIDUSDT,0.00005000,1744099200000,0.03302000
BIDUSDT,0.00010646,1744113600000,0.03409850
BIDUSDT,0.00005000,1744128000000,0.03347000
BIDUSDT,0.00005000,1744142400000,0.03238561
BIDUSDT,0.00005000,1744156800000,0.03167513
BIDUSDT,0.00005000,1744171200000,0.03099000
BIDUSDT,0.00005000,1744185600001,0.03335556
BIDUSDT,0.00005000,1744200000000,0.03291146
BIDUSDT,0.00005000,1744214400000,0.03318598
BIDUSDT,0.00005000,1744228800000,0.03605000
BIDUSDT,0.00005000,1744243200000,0.03607716
BIDUSDT,-0.00001653,1744257600000,0.03575075
BIDUSDT,0.00005000,1744272000000,0.03471000
BIDUSDT,0.00005000,1744286400000,0.03386467
BIDUSDT,0.00005000,1744300800000,0.03304946
BIDUSDT,0.00005000,1744315200000,0.03414996
BIDUSDT,0.00005000,1744329600001,0.03398091
BIDUSDT,0.00005000,1744344000001,0.03425705
BIDUSDT,0.00005000,1744358400000,0.03571294
BIDUSDT,0.00005000,1744372800000,0.03584000
BIDUSDT,0.00005000,1744387200000,0.03652718
BIDUSDT,0.00005000,1744401600001,0.03623000
BIDUSDT,0.00005000,1744416000000,0.03545556
BIDUSDT,0.00005000,1744430400000,0.03508000
BIDUSDT,0.00005000,1744444800001,0.03505382
BIDUSDT,0.00005000,1744459200001,0.03468034
BIDUSDT,0.00005000,1744473600000,0.03867226
BIDUSDT,0.00005000,1744488000000,0.03946565
BIDUSDT,0.00009556,1744502400000,0.03846000
BIDUSDT,0.00005000,1744516800000,0.03864238
BIDUSDT,0.00036351,1744531200000,0.04183159
BIDUSDT,0.00005000,1744545600000,0.03998000
BIDUSDT,0.00038287,1744560000000,0.04039000
BIDUSDT,0.00005000,1744574400000,0.03854000
BIDUSDT,0.00038352,1744588800000,0.04062000
BIDUSDT,0.00005000,1744603200000,0.04011000
BIDUSDT,0.00027987,1744617600000,0.03830000
BIDUSDT,0.00026771,1744632000002,0.04003693
BIDUSDT,0.00005000,1744646400000,0.03886181
BIDUSDT,0.00005000,1744660800000,0.03893000
BIDUSDT,0.00005000,1744675200000,0.03814945
BIDUSDT,0.00005000,1744689600001,0.03734221
BIDUSDT,0.00005000,1744704000000,0.03792645
BIDUSDT,0.00005000,1744718400000,0.03560999
BIDUSDT,0.00005000,1744732800001,0.03508699
BIDUSDT,0.00005000,1744747200000,0.03434407
BIDUSDT,0.00005000,1744761600000,0.03364157
BIDUSDT,0.00005000,1744776000000,0.03358721
BIDUSDT,0.00005000,1744790400000,0.03196356
BIDUSDT,0.00005000,1744804800000,0.03524000
BIDUSDT,0.00005000,1744819200000,0.03531580
BIDUSDT,0.00005000,1744833600000,0.03632399
BIDUSDT,0.00005000,1744848000001,0.03520000
BIDUSDT,0.00005000,1744862400000,0.03472736
BIDUSDT,0.00009721,1744876800000,0.03654420
BIDUSDT,0.00005000,1744891200000,0.03664638
BIDUSDT,0.00005000,1744905600001,0.03636171
BIDUSDT,0.00005000,1744920000001,0.03645507
BIDUSDT,0.00005000,1744934400000,0.03636000
BIDUSDT,0.00005000,1744948800000,0.03560411
BIDUSDT,0.00005000,1744963200000,0.03499496
BIDUSDT,0.00005000,1744977600000,0.03484686
BIDUSDT,0.00005000,1744992000000,0.03413624
BIDUSDT,0.00005000,1745006400000,0.03322831
BIDUSDT,0.00005000,1745020800000,0.03246000
BIDUSDT,0.00007504,1745035200000,0.03255000
BIDUSDT,0.00005000,1745049600000,0.03123102
BIDUSDT,0.00005000,1745064000000,0.03223000
BIDUSDT,0.00005000,1745078400000,0.03202000
BIDUSDT,0.00012077,1745092800000,0.03183000
BIDUSDT,0.00005000,1745107200000,0.03195580
BIDUSDT,0.00073663,1745121600000,0.03301624
BIDUSDT,0.00005000,1745136000000,0.03510444
BIDUSDT,0.00005000,1745150400001,0.03474011
BIDUSDT,0.00005000,1745164800000,0.03483839
BIDUSDT,0.00005000,1745179200000,0.03374133
BIDUSDT,0.00005000,1745193600000,0.03321404
BIDUSDT,0.00005000,1745208000000,0.03390000
BIDUSDT,0.00005000,1745222400005,0.03418000
BIDUSDT,0.00034566,1745236800002,0.03474000
BIDUSDT,0.00034888,1745251200003,0.03606109
BIDUSDT,0.00027264,1745265600006,0.03569789
BIDUSDT,0.00043582,1745280000008,0.03720000
BIDUSDT,0.00020236,1745294400000,0.03561912
BIDUSDT,0.00019881,1745308800000,0.03550000
BIDUSDT,0.00048130,1745323200001,0.03553655
BIDUSDT,0.00036871,1745337600000,0.03667000
BIDUSDT,0.00029682,1745352000004,0.03519093
BIDUSDT,0.00118414,1745366400000,0.03673000
BIDUSDT,0.00190482,1745380800000,0.04814532
BIDUSDT,0.00216110,1745395200002,0.05260346
BIDUSDT,0.00155469,1745409600005,0.05554259
BIDUSDT,0.00063295,1745424000000,0.05037000
BIDUSDT,0.00014127,1745438400001,0.04726000
BIDUSDT,0.00058491,1745452800000,0.04619669
BIDUSDT,0.00035227,1745467200003,0.04673901
BIDUSDT,0.00029134,1745481600001,0.04692000
BIDUSDT,0.00070963,1745496000001,0.04567323
BIDUSDT,0.00027760,1745510400001,0.04767921
BIDUSDT,0.00005000,1745524800006,0.04894889
BIDUSDT,0.00056248,1745539200007,0.05022000
BIDUSDT,0.00005000,1745553600001,0.04873909
BIDUSDT,0.00072541,1745568000002,0.04990336
BIDUSDT,0.00054268,1745582400000,0.05139249
BIDUSDT,0.00029150,1745596800003,0.05066000
BIDUSDT,0.00049286,1745611200001,0.04978000
BIDUSDT,0.00042268,1745625600002,0.05266000
BIDUSDT,0.00009493,1745640000001,0.05086000
BIDUSDT,0.00058895,1745654400000,0.05176693
BIDUSDT,0.00005000,1745668800000,0.05038000
BIDUSDT,0.00016872,1745683200002,0.05457893
BIDUSDT,0.00005000,1745697600000,0.04983859
BIDUSDT,0.00038598,1745712000001,0.05261845
BIDUSDT,0.00005000,1745726400001,0.04698647
BIDUSDT,0.00005000,1745740800000,0.04827112
BIDUSDT,0.00005000,1745755200000,0.05062000
BIDUSDT,0.00005000,1745769600000,0.04933879
BIDUSDT,0.00005000,1745784000003,0.04982000
BIDUSDT,0.00005000,1745798400001,0.04895948
BIDUSDT,0.00005000,1745812800001,0.04969785
BIDUSDT,0.00029171,1745827200003,0.05113000
BIDUSDT,0.00005000,1745841600000,0.04876713
BIDUSDT,0.00005000,1745856000005,0.04890669
BIDUSDT,0.00005000,1745870400002,0.05067000
BIDUSDT,0.00005000,1745884800000,0.05105000
BIDUSDT,0.00090917,1745899200000,0.05474000
BIDUSDT,0.00005000,1745913600000,0.05106411
BIDUSDT,0.00021750,1745928000001,0.05722000
BIDUSDT,0.00005000,1745942400010,0.05325667
BIDUSDT,0.00005000,1745956800002,0.05401000
BIDUSDT,0.00005000,1745971200001,0.04926000
BIDUSDT,0.00005000,1745985600001,0.05220497
BIDUSDT,0.00005000,1746000000000,0.05140464
BIDUSDT,0.00005000,1746014400001,0.04985000
BIDUSDT,0.00020679,1746028800003,0.05729787
BIDUSDT,0.00058360,1746043200002,0.05436000
BIDUSDT,0.00041690,1746057600000,0.05786000
BIDUSDT,0.00005000,1746072000008,0.05757329
BIDUSDT,0.00020734,1746086400000,0.06021075
BIDUSDT,0.00033032,1746100800001,0.05891421
BIDUSDT,0.00005000,1746115200001,0.05861000
BIDUSDT,0.00023985,1746129600000,0.05812659
BIDUSDT,0.00005000,1746144000000,0.05877000
BIDUSDT,0.00005000,1746158400000,0.05757000
BIDUSDT,0.00024363,1746172800000,0.05809534
BIDUSDT,0.00025776,1746187200005,0.05572804
BIDUSDT,0.00025299,1746201600003,0.05649947
BIDUSDT,0.00028432,1746216000003,0.05636000
BIDUSDT,0.00038286,1746230400000,0.05738000
BIDUSDT,0.00026373,1746244800001,0.05531000
BIDUSDT,0.00011053,1746259200000,0.05482000
BIDUSDT,0.00005000,1746273600006,0.05317647
BIDUSDT,0.00005000,1746288000000,0.05347913
BIDUSDT,0.00137740,1746302400000,0.05382618
BIDUSDT,0.00012212,1746316800001,0.05428000
BIDUSDT,0.00015589,1746331200004,0.05311798
BIDUSDT,0.00005000,1746345600001,0.05262369
BIDUSDT,0.00005000,1746360000006,0.05212417
BIDUSDT,0.00005000,1746374400002,0.05080423
BIDUSDT,0.00005000,1746388800000,0.04958928
BIDUSDT,0.00005000,1746403200000,0.04938952
BIDUSDT,0.00005169,1746417600000,0.04921000
BIDUSDT,0.00005000,1746432000000,0.05100615
BIDUSDT,0.00005000,1746446400000,0.04986364
BIDUSDT,0.00005000,1746460800006,0.05104000
BIDUSDT,0.00018655,1746475200000,0.04884260
BIDUSDT,0.00005000,1746489600002,0.04688499
BIDUSDT,0.00030586,1746504000000,0.04730000
BIDUSDT,0.00005000,1746518400005,0.04841516
BIDUSDT,0.00005000,1746532800000,0.04519956
BIDUSDT,0.00005000,1746547200000,0.04402256
BIDUSDT,0.00029129,1746561600000,0.04390423
BIDUSDT,0.00028787,1746576000002,0.04565113
BIDUSDT,0.00005000,1746590400004,0.04462000
BIDUSDT,0.00005000,1746604800000,0.04487047
BIDUSDT,0.00005000,1746619200000,0.04425506
BIDUSDT,0.00005000,1746633600006,0.04374000
BIDUSDT,0.00027492,1746648000000,0.04385658
BIDUSDT,0.00088619,1746662400000,0.04457000
BIDUSDT,0.00099613,1746676800005,0.04609000
BIDUSDT,0.00067669,1746691200001,0.04842000
BIDUSDT,0.00030466,1746705600000,0.04999175
BIDUSDT,0.00041684,1746720000002,0.04938428
BIDUSDT,0.00026399,1746734400006,0.05152000
BIDUSDT,0.00097868,1746748800001,0.05355137
BIDUSDT,0.00005000,1746763200000,0.05361239
BIDUSDT,0.00069182,1746777600006,0.05505245
BIDUSDT,0.00115026,1746792000000,0.05427057
BIDUSDT,0.00018376,1746806400000,0.05607000
BIDUSDT,0.00048648,1746820800000,0.05582000
BIDUSDT,0.00098209,1746835200001,0.06109000
BIDUSDT,0.00030630,1746849600003,0.06220000
BIDUSDT,0.00058676,1746864000000,0.06594000
BIDUSDT,0.00046051,1746878400000,0.06264000
BIDUSDT,0.00005000,1746892800001,0.05788624
BIDUSDT,0.00022736,1746907200000,0.05876148
BIDUSDT,0.00005585,1746921600000,0.05987359
BIDUSDT,0.00013714,1746936000000,0.05993086
BIDUSDT,0.00005000,1746950400001,0.05802556
BIDUSDT,0.00009249,1746964800001,0.05821102
BIDUSDT,0.00035371,1746979200001,0.06013000
BIDUSDT,0.00005000,1746993600000,0.06055628
BIDUSDT,0.00005000,1747008000004,0.05872000
BIDUSDT,0.00005000,1747022400003,0.06076751
BIDUSDT,0.00032277,1747036800000,0.06254922
BIDUSDT,0.00037636,1747051200000,0.06529521
BIDUSDT,0.00005000,1747065600000,0.05910396
BIDUSDT,0.00005000,1747080000004,0.05782000
BIDUSDT,0.00058163,1747094400000,0.05899621
BIDUSDT,0.00005000,1747108800000,0.05551569
BIDUSDT,0.00081366,1747123200008,0.05655000
BIDUSDT,0.00113553,1747137600000,0.05882848
BIDUSDT,0.00006421,1747152000001,0.06622124
BIDUSDT,0.00014321,1747166400006,0.06648000
BIDUSDT,0.00051361,1747180800007,0.06601861
BIDUSDT,0.00013079,1747195200000,0.06407000
BIDUSDT,0.00005000,1747209600000,0.06246603
BIDUSDT,0.00024480,1747224000000,0.06240948
BIDUSDT,0.00064484,1747238400002,0.06981254
BIDUSDT,0.00015945,1747252800007,0.06818863
BIDUSDT,0.00017932,1747267200000,0.06817626
BIDUSDT,0.00015691,1747281600000,0.06267819
BIDUSDT,0.00005000,1747296000003,0.06195417
BIDUSDT,0.00050089,1747310400000,0.06154359
BIDUSDT,0.00048621,1747324800000,0.06150000
BIDUSDT,0.00058132,1747339200001,0.06105000
BIDUSDT,0.00005000,1747353600001,0.05471636
BIDUSDT,0.00005000,1747368000001,0.05391570
BIDUSDT,0.00005000,1747382400000,0.05330000
BIDUSDT,0.00005000,1747396800006,0.05291818
BIDUSDT,0.00027967,1747411200000,0.05316459
BIDUSDT,0.00008356,1747425600002,0.05289558
BIDUSDT,0.00025440,1747440000000,0.05121482
BIDUSDT,0.00019983,1747454400000,0.04798684
BIDUSDT,0.00034708,1747468800001,0.04840774
BIDUSDT,0.00032052,1747483200002,0.04720000
BIDUSDT,0.00005000,1747497600004,0.04746561
BIDUSDT,0.00010437,1747512000003,0.04804000
BIDUSDT,0.00005000,1747526400000,0.04788935
BIDUSDT,0.00005000,1747540800003,0.04741000
BIDUSDT,0.00005000,1747555200000,0.04996131
BIDUSDT,0.00005000,1747569600010,0.04941000
BIDUSDT,0.00005000,1747584000000,0.05056000
BIDUSDT,0.00005000,1747598400001,0.04792216
BIDUSDT,0.00005491,1747612800000,0.04985226
BIDUSDT,0.00003437,1747627200004,0.04658000
BIDUSDT,0.00021692,1747641600006,0.04597696
BIDUSDT,0.00005000,1747656000000,0.04541650
BIDUSDT,0.00042924,1747670400010,0.05045070
BIDUSDT,0.00005933,1747684800000,0.04764933
BIDUSDT,0.00005000,1747699200000,0.04802000
BIDUSDT,0.00005000,1747713600000,0.04682000
BIDUSDT,0.00005000,1747728000002,0.04620000
BIDUSDT,0.00005000,1747742400003,0.04582258
BIDUSDT,0.00005000,1747756800000,0.04598102
BIDUSDT,0.00005000,1747771200000,0.04523000
BIDUSDT,0.00008857,1747785600000,0.04583000
BIDUSDT,0.00005000,1747800000000,0.04584000
BIDUSDT,0.00005000,1747814400001,0.04555000
BIDUSDT,0.00020045,1747828800007,0.04568000
BIDUSDT,0.00005000,1747843200004,0.04714024
BIDUSDT,0.00025308,1747857600001,0.04528000
BIDUSDT,0.00005274,1747872000001,0.04493000
BIDUSDT,0.00040105,1747886400000,0.04748660
BIDUSDT,0.00018295,1747900800000,0.04717948
BIDUSDT,0.00005000,1747915200000,0.04764000
BIDUSDT,0.00023344,1747929600002,0.04796000
BIDUSDT,0.00005000,1747944000001,0.04794032
BIDUSDT,0.00008828,1747958400006,0.04849000
BIDUSDT,0.00005000,1747972800000,0.04998630
BIDUSDT,0.00005000,1747987200000,0.04818600
BIDUSDT,0.00005000,1748001600003,0.04656000
BIDUSDT,0.00019492,1748016000007,0.04630544
BIDUSDT,0.00005000,1748030400006,0.04623000
BIDUSDT,0.00005000,1748044800010,0.04443000
BIDUSDT,0.00005000,1748059200000,0.04502555
BIDUSDT,0.00015981,1748073600000,0.04447824
BIDUSDT,0.00005000,1748088000007,0.04455713
BIDUSDT,0.00005000,1748102400003,0.04370000
BIDUSDT,0.00005000,1748116800000,0.04371000
BIDUSDT,0.00005000,1748131200004,0.04339000
BIDUSDT,0.00005000,1748145600001,0.04225248
BIDUSDT,0.00005000,1748160000000,0.04117000
BIDUSDT,0.00005000,1748174400000,0.04027000
BIDUSDT,0.00005000,1748188800000,0.03986205
BIDUSDT,0.00005000,1748203200010,0.04000693
BIDUSDT,0.00005000,1748217600000,0.04080000
BIDUSDT,0.00025373,1748232000000,0.04175510
BIDUSDT,0.00005000,1748246400000,0.04204000
BIDUSDT,0.00005000,1748260800000,0.04286399
BIDUSDT,0.00005000,1748275200002,0.04383000
BIDUSDT,0.00005000,1748289600000,0.04164000
BIDUSDT,0.00005000,1748304000003,0.04127000
BIDUSDT,0.00005000,1748318400000,0.04049000
BIDUSDT,0.00005000,1748332800001,0.04106762
BIDUSDT,0.00017239,1748347200005,0.04027000
BIDUSDT,0.00005000,1748361600005,0.04079000
BIDUSDT,0.00005000,1748376000005,0.04128000
BIDUSDT,0.00005000,1748390400002,0.04066000
BIDUSDT,0.00005000,1748404800010,0.04088052
BIDUSDT,0.00005000,1748419200003,0.03988000
BIDUSDT,0.00005000,1748433600000,0.04030814
BIDUSDT,0.00005000,1748448000002,0.03940928
BIDUSDT,0.00005000,1748462400000,0.04144037
BIDUSDT,0.00010465,1748476800000,0.04090000
BIDUSDT,0.00038781,1748491200000,0.04144016
BIDUSDT,0.00005000,1748505600006,0.04133122
BIDUSDT,0.00005000,1748520000001,0.04117000
BIDUSDT,0.00005000,1748534400000,0.03936000
BIDUSDT,0.00060888,1748548800010,0.04236038
BIDUSDT,0.00005000,1748563200003,0.03964000
BIDUSDT,0.00017357,1748577600000,0.03981000
BIDUSDT,0.00036025,1748592000003,0.03981158
BIDUSDT,0.00009065,1748606400006,0.04005173
BIDUSDT,0.00005000,1748620800000,0.03747044
BIDUSDT,-0.00004426,1748635200005,0.03860857
BIDUSDT,0.00005000,1748649600000,0.03447458
BIDUSDT,0.00005000,1748664000004,0.03375666
BIDUSDT,0.00005000,1748678400000,0.03404000
BIDUSDT,0.00005000,1748692800000,0.03329538
BIDUSDT,0.00005000,1748707200000,0.03386939
BIDUSDT,0.00005000,1748721600004,0.03388047
BIDUSDT,0.00005000,1748736000001,0.03383967
BIDUSDT,0.00005000,1748750400001,0.03444000
BIDUSDT,0.00005000,1748764800002,0.03480000
BIDUSDT,0.00005000,1748779200008,0.03399314
BIDUSDT,0.00005625,1748793600000,0.03408363
BIDUSDT,0.00005000,1748808000003,0.03489181
BIDUSDT,0.00005000,1748822400001,0.03600842
BIDUSDT,0.00005000,1748836800004,0.03551921
BIDUSDT,0.00005000,1748851200000,0.03605000
BIDUSDT,0.00005000,1748865600002,0.03548500
BIDUSDT,0.00005000,1748880000000,0.03532508
BIDUSDT,0.00000715,1748894400002,0.03908930
BIDUSDT,-0.00254734,1748908800000,0.04928000
BIDUSDT,-0.00047622,1748923200001,0.05758752
BIDUSDT,-0.00025612,1748937600000,0.05925799
BIDUSDT,-0.00048432,1748952000000,0.05959885
BIDUSDT,0.00005000,1748966400001,0.05790227
BIDUSDT,0.00005000,1748980800000,0.05844000
BIDUSDT,0.00029071,1748995200000,0.06013900
BIDUSDT,0.00020011,1749009600001,0.05899330
BIDUSDT,0.00005000,1749024000000,0.05956000
BIDUSDT,0.00005000,1749038400000,0.05917024
BIDUSDT,0.00005000,1749052800000,0.05978395
BIDUSDT,-0.00003688,1749067200001,0.05844000
BIDUSDT,0.00005000,1749081600016,0.05574000
BIDUSDT,0.00005000,1749096000001,0.05500000
BIDUSDT,0.00005000,1749110400000,0.05159126
BIDUSDT,-0.00018859,1749124800003,0.05092050
BIDUSDT,0.00005000,1749139200000,0.05062700
BIDUSDT,-0.00002348,1749153600002,0.04849000
BIDUSDT,0.00005000,1749168000002,0.04957000
BIDUSDT,0.00016378,1749182400000,0.05248524
BIDUSDT,0.00005000,1749196800000,0.05182250
BIDUSDT,0.00005000,1749211200002,0.05056040
BIDUSDT,0.00005000,1749225600006,0.05188000
BIDUSDT,0.00005000,1749240000000,0.05088565
BIDUSDT,0.00005000,1749254400000,0.05154834
BIDUSDT,0.00005000,1749268800000,0.05192224
BIDUSDT,0.00005000,1749283200000,0.05161634
BIDUSDT,-0.00023188,1749297600000,0.05171738
BIDUSDT,-0.00035102,1749312000002,0.05273000
BIDUSDT,-0.00019307,1749326400002,0.05102430
BIDUSDT,-0.00045817,1749340800000,0.05063000
BIDUSDT,0.00005000,1749355200000,0.05055930
BIDUSDT,-0.00004797,1749369600000,0.05062490
BIDUSDT,0.00005000,1749384000020,0.04926095
BIDUSDT,0.00005000,1749398400000,0.04873000
BIDUSDT,-0.00005447,1749412800001,0.04773343
BIDUSDT,-0.00048690,1749427200000,0.04774026
BIDUSDT,-0.00028132,1749441600003,0.04720000
BIDUSDT,-0.00405845,1749456000001,0.05177000
BIDUSDT,-0.01758336,1749470400000,0.08032403
BIDUSDT,-0.00140002,1749484800001,0.06121631
BIDUSDT,-0.00355433,1749499200012,0.06455452
BIDUSDT,-0.00008646,1749513600000,0.06246144
BIDUSDT,-0.00024980,1749528000000,0.06311407
BIDUSDT,-0.00207504,1749542400001,0.06353504
BIDUSDT,-0.00630319,1749556800005,0.06529941
BIDUSDT,-0.00424316,1749571200003,0.06685771
BIDUSDT,-0.00019082,1749585600010,0.06676615
BIDUSDT,0.00005000,1749600000000,0.06919326
BIDUSDT,0.00014124,1749614400006,0.06657000
BIDUSDT,0.00005000,1749628800000,0.06450147
BIDUSDT,0.00005000,1749643200007,0.06214122
BIDUSDT,0.00005000,1749657600010,0.06305389
BIDUSDT,0.00005000,1749672000012,0.06184000
BIDUSDT,0.00019011,1749686400002,0.05946970
BIDUSDT,0.00005000,1749700800000,0.05908736
BIDUSDT,0.00027532,1749715200003,0.05858000
BIDUSDT,0.00030171,1749729600001,0.05810518
BIDUSDT,0.00005000,1749744000001,0.05689911
BIDUSDT,-0.00000178,1749758400003,0.05668000
BIDUSDT,0.00005000,1749772800000,0.05615683
BIDUSDT,0.00008010,1749787200002,0.05444000
BIDUSDT,0.00005000,1749801600001,0.05430866
BIDUSDT,0.00005000,1749816000000,0.05408000
BIDUSDT,-0.00071812,1749830400004,0.05526000
BIDUSDT,-0.00036609,1749844800001,0.05564648
BIDUSDT,-0.00028813,1749859200000,0.05625839
BIDUSDT,-0.00064301,1749873600000,0.05517875
BIDUSDT,-0.00089201,1749888000000,0.05888000
BIDUSDT,-0.00066859,1749902400007,0.06031000
BIDUSDT,-0.00426718,1749916800000,0.05992413
BIDUSDT,-0.00063908,1749931200005,0.05923000
BIDUSDT,-0.00223535,1749945600005,0.06079325
BIDUSDT,-0.00281867,1749960000004,0.06374000
BIDUSDT,-0.00129326,1749974400009,0.06341400
BIDUSDT,-0.00049721,1749988800000,0.06352000
BIDUSDT,-0.00004354,1750003200000,0.06147034
BIDUSDT,-0.00692734,1750017600000,0.06912000
BIDUSDT,-0.01364733,1750032000000,0.07471000
BIDUSDT,-0.00613214,1750046400009,0.07475319
BIDUSDT,-0.01239386,1750060800000,0.08695000
BIDUSDT,-0.00188169,1750075200000,0.08438689
BIDUSDT,-0.00072740,1750089600003,0.08339409
BIDUSDT,-0.00123161,1750104000000,0.08406000
BIDUSDT,-0.00030775,1750118400000,0.08326241
BIDUSDT,-0.00043221,1750132800000,0.08415973
BIDUSDT,0.00005000,1750147200006,0.08305000
BIDUSDT,0.00012558,1750161600001,0.08159000
BIDUSDT,-0.00005025,1750176000001,0.07885055
BIDUSDT,0.00005000,1750190400000,0.07527012
BIDUSDT,0.00005000,1750204800001,0.07240000
BIDUSDT,0.00005000,1750219200001,0.07367000
BIDUSDT,0.00005000,1750233600001,0.06981005
BIDUSDT,0.00005000,1750248000003,0.06998344
BIDUSDT,-0.00031262,1750262400001,0.07246983
BIDUSDT,0.00005000,1750276800000,0.07336000
BIDUSDT,-0.00111544,1750291200005,0.08095119
BIDUSDT,-0.00234880,1750305600005,0.08294292
BIDUSDT,-0.00799484,1750320000003,0.08809596
BIDUSDT,-0.01893909,1750334400000,0.09737772
BIDUSDT,-0.01278385,1750348800000,0.09442355
BIDUSDT,-0.00859385,1750363200000,0.09666000
BIDUSDT,-0.00759882,1750377600000,0.09735000
BIDUSDT,-0.00324404,1750392000017,0.08995311
BIDUSDT,-0.01352269,1750406400002,0.10325552
BIDUSDT,-0.00802238,1750420800002,0.10232482
BIDUSDT,-0.00587041,1750435200001,0.10041000
BIDUSDT,-0.00038594,1750449600000,0.09830000
BIDUSDT,-0.00040054,1750464000002,0.09341107
BIDUSDT,-0.00241885,1750478400003,0.09783000
BIDUSDT,-0.00213157,1750492800005,0.09806000
BIDUSDT,-0.00157028,1750507200000,0.09771512
BIDUSDT,-0.00190873,1750521600000,0.09869098
BIDUSDT,-0.00335669,1750536000002,0.10145295
BIDUSDT,-0.00055781,1750550400005,0.09765822
BIDUSDT,-0.00212981,1750564800000,0.09721016
BIDUSDT,-0.00018232,1750579200000,0.09638000
BIDUSDT,-0.00060627,1750593600003,0.09572885
BIDUSDT,-0.00038101,1750608000003,0.09620115
BIDUSDT,0.00024738,1750622400005,0.09500000
BIDUSDT,0.00005000,1750636800000,0.10503983
BIDUSDT,-0.00064949,1750651200007,0.10291688
BIDUSDT,-0.00480335,1750665600004,0.11094000
BIDUSDT,-0.00596753,1750680000001,0.11917486
BIDUSDT,-0.00258486,1750694400013,0.12233000
BIDUSDT,-0.00005362,1750708800000,0.12517689
BIDUSDT,-0.00018833,1750723200003,0.13462000
BIDUSDT,-0.00067877,1750737600001,0.13152381
BIDUSDT,0.00005000,1750752000000,0.13295178
BIDUSDT,0.00005000,1750766400001,0.12551000
BIDUSDT,0.00005000,1750780800000,0.12322000
BIDUSDT,0.00000946,1750795200000,0.12224748
BIDUSDT,-0.00003163,1750809600005,0.11281587
BIDUSDT,-0.00036979,1750824000000,0.12222000
BIDUSDT,-0.00015321,1750838400000,0.11650000
BIDUSDT,0.00005000,1750852800003,0.11335574
BIDUSDT,-0.00018345,1750867200005,0.10516000
BIDUSDT,0.00005000,1750881600002,0.10397476
BIDUSDT,0.00005000,1750896000000,0.10125000
BIDUSDT,-0.00031463,1750910400000,0.10455534
BIDUSDT,-0.00062075,1750924800006,0.11829000
BIDUSDT,-0.00112954,1750939200005,0.11889370
BIDUSDT,-0.00062997,1750953600007,0.12066675
BIDUSDT,-0.00025721,1750968000000,0.12031843
BIDUSDT,0.00005000,1750982400000,0.11739457
BIDUSDT,-0.00022228,1750996800001,0.11570093
BIDUSDT,-0.00037237,1751011200000,0.11593134
BIDUSDT,0.00000307,1751025600003,0.11561000
BIDUSDT,-0.00044888,1751040000009,0.11510335
BIDUSDT,-0.00021165,1751054400002,0.11718836
BIDUSDT,-0.00061208,1751068800001,0.11979195
BIDUSDT,-0.00087833,1751083200000,0.12192989
BIDUSDT,-0.00152464,1751097600002,0.12882000
BIDUSDT,-0.00268122,1751112000000,0.13027000
BIDUSDT,-0.00229711,1751126400000,0.13173000
BIDUSDT,-0.00170319,1751140800007,0.13642898
BIDUSDT,-0.00196025,1751155200004,0.13832132
BIDUSDT,-0.00316508,1751169600003,0.13910000
BIDUSDT,-0.00152059,1751184000001,0.14224943
BIDUSDT,-0.00149480,1751198400003,0.14109198
BIDUSDT,-0.00247038,1751212800001,0.15094725
BIDUSDT,-0.00118324,1751227200003,0.15231000
BIDUSDT,-0.00110964,1751241600000,0.16298070
BIDUSDT,-0.00029043,1751256000003,0.15066000
BIDUSDT,-0.00015411,1751270400005,0.14836000
BIDUSDT,-0.00027152,1751284800000,0.14491000
BIDUSDT,-0.00049603,1751299200002,0.14529000
BIDUSDT,-0.00067616,1751313600000,0.14402000
BIDUSDT,-0.00044285,1751328000007,0.14477000
BIDUSDT,-0.00112413,1751342400000,0.13791808
BIDUSDT,-0.00036303,1751356800002,0.13978542
BIDUSDT,-0.00046053,1751371200000,0.13863431
BIDUSDT,0.00005000,1751385600000,0.13769000
BIDUSDT,0.00005000,1751400000000,0.13720733
BIDUSDT,0.00005000,1751414400001,0.13375375
BIDUSDT,0.00005000,1751428800001,0.13272000
BIDUSDT,-0.00008496,1751443200000,0.13497883
BIDUSDT,-0.00030888,1751457600001,0.14420589
BIDUSDT,-0.00131483,1751472000003,0.15592000
BIDUSDT,0.00005000,1751486400000,0.16710293
BIDUSDT,0.00005000,1751500800006,0.16127492
BIDUSDT,-0.00013149,1751515200002,0.15318000
BIDUSDT,-0.00040688,1751529600003,0.15357674
BIDUSDT,-0.00090581,1751544000001,0.15829070
BIDUSDT,-0.00063102,1751558400003,0.15660296
BIDUSDT,-0.00041965,1751572800000,0.15858000
BIDUSDT,-0.00038862,1751587200005,0.16134944
BIDUSDT,-0.00056172,1751601600002,0.15925517
BIDUSDT,-0.00002094,1751616000003,0.15552273
BIDUSDT,0.00005000,1751630400000,0.14844000
BIDUSDT,0.00005000,1751644800001,0.14319944
BIDUSDT,0.00005000,1751659200000,0.14135000
BIDUSDT,0.00005000,1751673600004,0.13873000
BIDUSDT,0.00005000,1751688000005,0.14280924
BIDUSDT,-0.00026448,1751702400009,0.13939832
BIDUSDT,0.00005000,1751716800000,0.14282242
BIDUSDT,-0.00035261,1751731200006,0.14291000
BIDUSDT,0.00005000,1751745600000,0.13881290
BIDUSDT,-0.00034491,1751760000001,0.13584000
BIDUSDT,-0.00043667,1751774400000,0.13785774
BIDUSDT,-0.00018400,1751788800002,0.14155000
BIDUSDT,-0.00063696,1751803200001,0.14312806
BIDUSDT,-0.00017931,1751817600004,0.14680000
BIDUSDT,-0.00003612,1751832000006,0.14588000
BIDUSDT,-0.00016343,1751846400000,0.14365000
BIDUSDT,0.00003638,1751860800000,0.14025000
BIDUSDT,-0.00004247,1751875200007,0.13836000
BIDUSDT,-0.00000570,1751889600000,0.13153000
BIDUSDT,0.00005000,1751904000000,0.12441572
BIDUSDT,0.00005000,1751918400013,0.11761000
BIDUSDT,0.00021152,1751932800010,0.11145000
BIDUSDT,0.00005000,1751947200000,0.10342246
BIDUSDT,0.00005000,1751961600003,0.10476523
BIDUSDT,0.00005000,1751976000004,0.11033601
BIDUSDT,-0.00012085,1751990400000,0.10570000
BIDUSDT,0.00005000,1752004800002,0.10916338
BIDUSDT,0.00005000,1752019200002,0.10742564
BIDUSDT,-0.00021258,1752033600010,0.10445864
BIDUSDT,-0.00017104,1752048000006,0.10574000
BIDUSDT,0.00005000,1752062400000,0.10446064
BIDUSDT,0.00005000,1752076800001,0.10291157
BIDUSDT,0.00044256,1752091200007,0.11256905
BIDUSDT,0.00005000,1752105600003,0.10907778
BIDUSDT,0.00037232,1752120000001,0.10867856
BIDUSDT,0.00005000,1752134400000,0.10982000
BIDUSDT,0.00005000,1752148800001,0.10376000
BIDUSDT,0.00053473,1752163200004,0.10860094
BIDUSDT,0.00005000,1752177600000,0.10397083
BIDUSDT,0.00021847,1752192000004,0.11039581
BIDUSDT,0.00005000,1752206400001,0.11214000
BIDUSDT,0.00005000,1752220800007,0.11026878
BIDUSDT,0.00005000,1752235200000,0.11108596
BIDUSDT,0.00005000,1752249600001,0.10424000
BIDUSDT,0.00005000,1752264000006,0.10563957
BIDUSDT,0.00005000,1752278400000,0.11132320
BIDUSDT,0.00005000,1752292800005,0.11853000
BIDUSDT,0.00005000,1752307200001,0.11108000
BIDUSDT,0.00005000,1752321600007,0.11167927
BIDUSDT,0.00005000,1752336000002,0.10597929
BIDUSDT,0.00005000,1752350400003,0.10926652
BIDUSDT,0.00005000,1752364800006,0.10842697
BIDUSDT,0.00005000,1752379200001,0.10738197
BIDUSDT,0.00005000,1752393600001,0.11030232
BIDUSDT,0.00005000,1752408000003,0.11445015
BIDUSDT,0.00005000,1752422400003,0.11172000
BIDUSDT,0.00005000,1752436800008,0.11236000
BIDUSDT,0.00005000,1752451200000,0.11155000
BIDUSDT,0.00005000,1752465600000,0.11172218
BIDUSDT,0.00005000,1752480000000,0.11038505
BIDUSDT,0.00013054,1752494400001,0.11585000
BIDUSDT,0.00005000,1752508800000,0.11153000
BIDUSDT,0.00005000,1752523200003,0.10961856
BIDUSDT,0.00005000,1752537600002,0.10924914
BIDUSDT,0.00005000,1752552000008,0.11026084
BIDUSDT,0.00005000,1752566400000,0.10663000
BIDUSDT,0.00005000,1752580800000,0.10789831
BIDUSDT,0.00005000,1752595200000,0.11219000
BIDUSDT,-0.00008276,1752609600005,0.11113897
BIDUSDT,0.00005000,1752624000000,0.11379929
BIDUSDT,0.00005000,1752638400000,0.11422000
BIDUSDT,0.00005000,1752652800000,0.11227000
BIDUSDT,0.00005000,1752667200005,0.11175000
BIDUSDT,0.00005000,1752681600008,0.11389000
BIDUSDT,-0.00147124,1752696000000,0.13700483
BIDUSDT,-0.00013487,1752710400003,0.13912000
BIDUSDT,-0.00078354,1752724800000,0.13341000
BIDUSDT,-0.00085770,1752739200000,0.14051431
BIDUSDT,-0.00135573,1752753600000,0.13843000
BIDUSDT,-0.00148825,1752768000000,0.13973000
BIDUSDT,-0.00115035,1752782400000,0.13990000
BIDUSDT,-0.00080304,1752796800004,0.13912865
BIDUSDT,0.00005000,1752811200000,0.14080701
BIDUSDT,0.00005000,1752825600000,0.14202049
BIDUSDT,0.00005000,1752840000000,0.13734000
BIDUSDT,0.00011311,1752854400000,0.13087477
BIDUSDT,0.00005000,1752868800010,0.12510399
BIDUSDT,0.00005000,1752883200009,0.10274635
BIDUSDT,0.00005000,1752897600000,0.09169000
BIDUSDT,-0.00114939,1752912000000,0.09200000
BIDUSDT,-0.00155436,1752926400000,0.10230000
BIDUSDT,-0.00195951,1752940800002,0.09345000
BIDUSDT,-0.00139961,1752955200002,0.09550477
BIDUSDT,-0.00092531,1752969600000,0.09379000
BIDUSDT,-0.00095250,1752984000007,0.09373847
BIDUSDT,-0.00157764,1752998400000,0.09659539
BIDUSDT,-0.00068988,1753012800003,0.10103096
BIDUSDT,-0.00139935,1753027200000,0.10280000
BIDUSDT,-0.00030839,1753041600013,0.10222134
BIDUSDT,-0.00015460,1753056000001,0.09988658
BIDUSDT,-0.00017325,1753070400001,0.09876175
BIDUSDT,0.00005000,1753084800000,0.10005725
BIDUSDT,-0.00019957,1753099200001,0.09850459
BIDUSDT,0.00005000,1753113600001,0.09283562
BIDUSDT,0.00005000,1753128000003,0.08564229
BIDUSDT,0.00005000,1753142400000,0.08738431
BIDUSDT,0.00011008,1753156800001,0.08848000
BIDUSDT,0.00005000,1753171200010,0.08879664
BIDUSDT,0.00005565,1753185600001,0.08604812
BIDUSDT,0.00008356,1753200000007,0.08307625
BIDUSDT,0.00005000,1753214400001,0.08095503
BIDUSDT,0.00005853,1753228800000,0.08424779
BIDUSDT,0.00049226,1753243200010,0.08580000
BIDUSDT,0.00005000,1753257600004,0.08346000
BIDUSDT,0.00010420,1753272000002,0.08384960
BIDUSDT,0.00021901,1753286400002,0.08114000
BIDUSDT,0.00065157,1753300800005,0.08071000
BIDUSDT,0.00005000,1753315200000,0.07928753
BIDUSDT,0.00005000,1753329600001,0.07680199
BIDUSDT,0.00011363,1753344000001,0.07660263
BIDUSDT,0.00005000,1753358400000,0.07579089
BIDUSDT,0.00005000,1753372800000,0.07592545
BIDUSDT,0.00005000,1753387200001,0.07676017
BIDUSDT,0.00005000,1753401600000,0.07714262
BIDUSDT,0.00005000,1753416000001,0.07598199
BIDUSDT,0.00023880,1753430400000,0.07812000
BIDUSDT,0.00005000,1753444800000,0.08092000
BIDUSDT,0.00005000,1753459200000,0.07381000
BIDUSDT,0.00005000,1753473600000,0.07851000
BIDUSDT,0.00019962,1753488000001,0.08036000
BIDUSDT,0.00005000,1753502400001,0.07571267
BIDUSDT,0.00005000,1753516800005,0.08020746
BIDUSDT,0.00005000,1753531200004,0.08259000
BIDUSDT,0.00005000,1753545600001,0.08066796
BIDUSDT,0.00005000,1753560000000,0.08210539
BIDUSDT,0.00001352,1753574400001,0.08132602
BIDUSDT,0.00005000,1753588800000,0.08177134
BIDUSDT,0.00005000,1753603200000,0.08172000
BIDUSDT,0.00005000,1753617600000,0.08094000
BIDUSDT,0.00005000,1753632000008,0.08076015
BIDUSDT,0.00005000,1753646400002,0.08487630
BIDUSDT,0.00005000,1753660800005,0.08429000
BIDUSDT,0.00005000,1753675200001,0.08366612
BIDUSDT,0.00005000,1753689600000,0.08176000
BIDUSDT,0.00005000,1753704000000,0.08225000
BIDUSDT,0.00005000,1753718400000,0.07953387
BIDUSDT,0.00005000,1753732800005,0.07792000
BIDUSDT,0.00005000,1753747200001,0.07652340
BIDUSDT,0.00005000,1753761600001,0.07640757
BIDUSDT,0.00005000,1753776000000,0.07782168
BIDUSDT,-0.00000858,1753790400001,0.07741833
BIDUSDT,0.00005000,1753804800000,0.07687391
BIDUSDT,0.00005000,1753819200000,0.07610850
BIDUSDT,0.00005000,1753833600011,0.07627033
BIDUSDT,0.00005000,1753848000000,0.07555000
BIDUSDT,0.00005000,1753862400000,0.07487000
BIDUSDT,0.00005000,1753876800003,0.07388000
BIDUSDT,0.00005000,1753891200008,0.07417114
BIDUSDT,0.00014472,1753905600000,0.07466000
BIDUSDT,0.00005000,1753920000000,0.07517000
BIDUSDT,0.00005000,1753934400010,0.07577279
BIDUSDT,0.00005000,1753948800009,0.07364577
BIDUSDT,0.00005000,1753963200003,0.07398316
BIDUSDT,-0.00006046,1753977600000,0.06836299
BIDUSDT,0.00005000,1753992000000,0.06938139
BIDUSDT,0.00005000,1754006400001,0.06644860
BIDUSDT,0.00005000,1754020800000,0.06613181
BIDUSDT,0.00005000,1754035200003,0.06417747
BIDUSDT,0.00005000,1754049600001,0.06384000
BIDUSDT,0.00005000,1754064000000,0.06019102
BIDUSDT,0.00005000,1754078400004,0.06167000
BIDUSDT,0.00005000,1754092800004,0.06021000
BIDUSDT,0.00005000,1754107200000,0.06027853
BIDUSDT,0.00005000,1754121600000,0.06010000
BIDUSDT,0.00005000,1754136000005,0.05774000
BIDUSDT,0.00005000,1754150400000,0.05843821
BIDUSDT,0.00005000,1754164800001,0.05835060
BIDUSDT,0.00006133,1754179200000,0.05917435
BIDUSDT,0.00005000,1754193600000,0.05890000
BIDUSDT,0.00005000,1754208000000,0.05870082
BIDUSDT,0.00022021,1754222400001,0.05834771
BIDUSDT,0.00029300,1754236800003,0.05868000
BIDUSDT,0.00005000,1754251200002,0.05866728
BIDUSDT,0.00005000,1754265600004,0.05868752
BIDUSDT,0.00005000,1754280000000,0.05913000
BIDUSDT,0.00005000,1754294400000,0.05948201
BIDUSDT,0.00005000,1754308800006,0.05828726
BIDUSDT,0.00005000,1754323200002,0.05857000
BIDUSDT,0.00005000,1754337600007,0.05841000
BIDUSDT,0.00073960,1754352000000,0.06033042
BIDUSDT,0.00005000,1754366400000,0.05880210
BIDUSDT,0.00005000,1754380800000,0.05751516
BIDUSDT,0.00011975,1754395200004,0.06090030
BIDUSDT,-0.00001282,1754409600000,0.05767000
BIDUSDT,0.00005000,1754424000003,0.05683000
BIDUSDT,0.00005000,1754438400005,0.05747265
BIDUSDT,0.00005000,1754452800000,0.05615264
BIDUSDT,0.00042525,1754467200000,0.06069000
BIDUSDT,0.00107107,1754481600000,0.06040000
BIDUSDT,0.00030627,1754496000000,0.06226917
BIDUSDT,0.00005000,1754510400000,0.06354000
BIDUSDT,0.00020245,1754524800003,0.06303553
BIDUSDT,0.00005840,1754539200004,0.06212000
BIDUSDT,0.00050264,1754553600002,0.06331000
BIDUSDT,0.00047376,1754568000001,0.06623000
BIDUSDT,0.00040431,1754582400002,0.06811543
BIDUSDT,0.00005000,1754596800001,0.06842924
BIDUSDT,0.00069173,1754611200002,0.07050446
BIDUSDT,0.00104971,1754625600010,0.07151000
BIDUSDT,0.00011578,1754640000004,0.07236858
BIDUSDT,0.00042449,1754654400003,0.07052561
BIDUSDT,0.00012014,1754668800000,0.06971170
BIDUSDT,0.00017663,1754683200004,0.07127103
BIDUSDT,0.00005000,1754697600005,0.07121175
BIDUSDT,0.00009137,1754712000015,0.06996000
BIDUSDT,0.00005000,1754726400000,0.06930000
BIDUSDT,0.00005000,1754740800003,0.06841973
BIDUSDT,0.00012652,1754755200007,0.06685064
BIDUSDT,0.00120793,1754769600000,0.06854815
BIDUSDT,0.00072343,1754784000003,0.06812464
BIDUSDT,0.00063794,1754798400006,0.06974695
BIDUSDT,0.00006473,1754812800005,0.06933000
BIDUSDT,0.00048908,1754827200006,0.06638226
BIDUSDT,0.00005000,1754841600002,0.06564426
BIDUSDT,0.00070557,1754856000000,0.06716000
BIDUSDT,0.00005000,1754870400000,0.06693878
BIDUSDT,0.00005000,1754884800000,0.06717369
BIDUSDT,0.00055754,1754899200000,0.06759000
BIDUSDT,0.00008750,1754913600000,0.06629803
BIDUSDT,0.00024469,1754928000000,0.07109241
BIDUSDT,0.00013506,1754942400000,0.07111866
BIDUSDT,0.00025931,1754956800000,0.07115875
BIDUSDT,0.00005000,1754971200001,0.06683779
BIDUSDT,0.00005000,1754985600001,0.06749756
BIDUSDT,0.00000886,1755000000000,0.06646076
BIDUSDT,0.00017916,1755014400005,0.07178000
BIDUSDT,0.00005000,1755028800000,0.07233757
BIDUSDT,0.00049546,1755043200000,0.07371395
BIDUSDT,0.00079823,1755057600000,0.07580933
BIDUSDT,0.00005000,1755072000002,0.07091402
BIDUSDT,0.00091179,1755086400000,0.07505783
BIDUSDT,0.00005000,1755100800006,0.07206615
BIDUSDT,0.00005000,1755115200001,0.07191912
BIDUSDT,0.00005000,1755129600002,0.07194000
BIDUSDT,0.00005000,1755144000009,0.07184436
BIDUSDT,0.00005000,1755158400003,0.06875878
BIDUSDT,0.00005000,1755172800001,0.06822327
BIDUSDT,0.00005000,1755187200000,0.06472531
BIDUSDT,0.00005000,1755201600002,0.06160000
BIDUSDT,-0.00050572,1755216000000,0.06228066
BIDUSDT,-0.00001786,1755230400000,0.06304986
BIDUSDT,0.00005000,1755244800000,0.06361359
BIDUSDT,0.00005000,1755259200001,0.06444000
BIDUSDT,0.00005000,1755273600000,0.06332000
BIDUSDT,0.00005000,1755288000007,0.06262652
BIDUSDT,0.00005000,1755302400004,0.06362924
BIDUSDT,0.00005803,1755316800000,0.06360561
BIDUSDT,0.00005000,1755331200000,0.06366657
BIDUSDT,0.00005000,1755345600004,0.06334061
BIDUSDT,0.00011679,1755360000002,0.06535000
BIDUSDT,0.00046413,1755374400006,0.07223018
BIDUSDT,0.00029721,1755388800000,0.07861243
BIDUSDT,0.00046592,1755403200000,0.09860000
BIDUSDT,0.00005000,1755417600001,0.07362000
BIDUSDT,-0.00030339,1755432000002,0.07707752
BIDUSDT,-0.00002811,1755446400007,0.07792309
BIDUSDT,0.00005000,1755460800001,0.07906284
BIDUSDT,0.00005000,1755475200000,0.08151446
BIDUSDT,0.00005000,1755489600010,0.08009000
BIDUSDT,0.00005000,1755504000001,0.08150000
BIDUSDT,0.00005000,1755518400002,0.07972000
BIDUSDT,0.00005000,1755532800002,0.07772180
BIDUSDT,0.00005000,1755547200007,0.07923839
BIDUSDT,0.00005000,1755561600000,0.07773584
BIDUSDT,0.00005000,1755576000000,0.07680146
BIDUSDT,0.00005000,1755590400001,0.07371389
BIDUSDT,0.00006246,1755604800001,0.07601193
BIDUSDT,0.00005994,1755619200000,0.07492000
BIDUSDT,0.00005000,1755633600000,0.07152047
BIDUSDT,0.00030586,1755648000000,0.07158000
BIDUSDT,0.00005000,1755662400000,0.07277150
BIDUSDT,0.00005000,1755676800000,0.07146000
BIDUSDT,0.00005035,1755691200002,0.07148081
BIDUSDT,0.00005000,1755705600000,0.07305000
BIDUSDT,0.00005000,1755720000001,0.07433000
BIDUSDT,0.00004851,1755734400006,0.07313000
BIDUSDT,0.00005000,1755748800003,0.07160150
BIDUSDT,0.00005000,1755763200000,0.07053875
BIDUSDT,0.00005000,1755777600009,0.07037000
BIDUSDT,0.00005000,1755792000003,0.06825126
BIDUSDT,0.00005000,1755806400000,0.06862645
BIDUSDT,0.00005000,1755820800010,0.06958597
BIDUSDT,0.00005000,1755835200003,0.06970307
BIDUSDT,0.00005000,1755849600007,0.07056000
BIDUSDT,0.00005000,1755864000001,0.06940000
BIDUSDT,0.00005000,1755878400001,0.07403000
BIDUSDT,0.00015473,1755892800004,0.07961921
BIDUSDT,0.00005000,1755907200004,0.07659209
BIDUSDT,0.00005000,1755921600000,0.07546000
BIDUSDT,0.00005000,1755936000006,0.07572000
BIDUSDT,0.00005000,1755950400000,0.07774470
BIDUSDT,0.00005000,1755964800000,0.07931000
BIDUSDT,0.00005000,1755979200005,0.08057914
BIDUSDT,0.00008547,1755993600001,0.08458415
BIDUSDT,0.00005000,1756008000000,0.08706165
BIDUSDT,0.00005000,1756022400002,0.08925000
BIDUSDT,0.00005000,1756036800003,0.08508757
BIDUSDT,-0.00046605,1756051200001,0.10609893
BIDUSDT,0.00005000,1756065600008,0.11155000
BIDUSDT,0.00005000,1756080000000,0.12227456
BIDUSDT,0.00005000,1756094400001,0.11330000
BIDUSDT,-0.00023428,1756108800002,0.10280691
BIDUSDT,0.00005000,1756123200000,0.10018000
BIDUSDT,-0.00016554,1756137600002,0.10467409
BIDUSDT,0.00005000,1756152000003,0.10589227
BIDUSDT,0.00005000,1756166400000,0.10642708
BIDUSDT,0.00005000,1756180800007,0.11109000
BIDUSDT,0.00005000,1756195200000,0.10953225
BIDUSDT,0.00005000,1756209600001,0.10883094
BIDUSDT,0.00005000,1756224000000,0.11396634
BIDUSDT,0.00005000,1756238400000,0.11304998
BIDUSDT,0.00005000,1756252800003,0.11023975
BIDUSDT,0.00005000,1756267200000,0.10171709
BIDUSDT,0.00005000,1756281600000,0.09859428
BIDUSDT,0.00005000,1756296000003,0.09693000
BIDUSDT,0.00005000,1756310400009,0.09666783
BIDUSDT,0.00005000,1756324800001,0.09469707
BIDUSDT,0.00005000,1756339200000,0.09341146
BIDUSDT,0.00005000,1756353600000,0.09246131
BIDUSDT,0.00005000,1756368000005,0.09096998
BIDUSDT,0.00005000,1756382400000,0.09078000
BIDUSDT,0.00005000,1756396800004,0.08903898
BIDUSDT,0.00005000,1756411200003,0.08585022
BIDUSDT,0.00005000,1756425600000,0.08489159
BIDUSDT,0.00005000,1756440000008,0.08628364
BIDUSDT,0.00029164,1756454400000,0.08323000
BIDUSDT,0.00005000,1756468800010,0.08205000
BIDUSDT,0.00005000,1756483200005,0.08088000
BIDUSDT,0.00007863,1756497600000,0.08052451
BIDUSDT,0.00044480,1756512000000,0.08259685
BIDUSDT,0.00011733,1756526400000,0.08150552
BIDUSDT,0.00005000,1756540800002,0.08197000
BIDUSDT,0.00005000,1756555200006,0.08182291
BIDUSDT,0.00005000,1756569600003,0.07833224
BIDUSDT,0.00005000,1756584000000,0.07693000
BIDUSDT,0.00005000,1756598400016,0.07764000
BIDUSDT,0.00005000,1756612800000,0.07820649
BIDUSDT,0.00005000,1756627200000,0.07775984
BIDUSDT,0.00005000,1756641600003,0.07698000
BIDUSDT,0.00005000,1756656000001,0.07581447
BIDUSDT,0.00005000,1756670400000,0.07627405
BIDUSDT,0.00024734,1756684800000,0.07611000
BIDUSDT,0.00005000,1756699200005,0.07562793
BIDUSDT,0.00005000,1756713600000,0.07656688
BIDUSDT,0.00067857,1756728000014,0.07908724
BIDUSDT,0.00015523,1756742400001,0.07928000
BIDUSDT,0.00005000,1756756800008,0.08017000
BIDUSDT,0.00005000,1756771200000,0.07787000
BIDUSDT,0.00005000,1756785600009,0.07743884
BIDUSDT,0.00005000,1756800000005,0.07708848
BIDUSDT,0.00007370,1756814400003,0.07787000
BIDUSDT,0.00005000,1756828800007,0.07526684
BIDUSDT,0.00005000,1756843200001,0.07602292
BIDUSDT,0.00005000,1756857600006,0.07763000
BIDUSDT,0.00005000,1756872000003,0.07816000
BIDUSDT,0.00005000,1756886400002,0.08505275
BIDUSDT,0.00005000,1756900800000,0.08634539
BIDUSDT,0.00005000,1756915200002,0.08710000
BIDUSDT,0.00005000,1756929600006,0.08489000
BIDUSDT,0.00005000,1756944000002,0.08578940
BIDUSDT,0.00011021,1756958400000,0.08500250
BIDUSDT,0.00005000,1756972800000,0.08008000
BIDUSDT,0.00005000,1756987200002,0.07867398
BIDUSDT,0.00005000,1757001600000,0.07682000
BIDUSDT,0.00005000,1757016000000,0.07639144
BIDUSDT,0.00005000,1757030400001,0.07825000
BIDUSDT,0.00034816,1757044800000,0.08169635
BIDUSDT,0.00005000,1757059200006,0.08320055
BIDUSDT,0.00005000,1757073600001,0.08077000
BIDUSDT,0.00005000,1757088000000,0.07790687
BIDUSDT,0.00005000,1757102400000,0.07785799
BIDUSDT,0.00005239,1757116800000,0.07828000
BIDUSDT,0.00015523,1757131200000,0.07994321
BIDUSDT,0.00005000,1757145600005,0.07972000
BIDUSDT,0.00005000,1757160000000,0.07853000
BIDUSDT,0.00008209,1757174400000,0.07853000
BIDUSDT,0.00015723,1757188800001,0.07829000
BIDUSDT,0.00033206,1757203200000,0.07864395
BIDUSDT,0.00024222,1757217600008,0.07868000
BIDUSDT,0.00029246,1757232000000,0.07815000
BIDUSDT,0.00043494,1757246400000,0.07767177
BIDUSDT,0.00005000,1757260800000,0.07748157
BIDUSDT,0.00028757,1757275200003,0.07764330
BIDUSDT,0.00005000,1757289600007,0.07744000
BIDUSDT,0.00037901,1757304000008,0.07900852
BIDUSDT,0.00013370,1757318400000,0.07778000
BIDUSDT,0.00022486,1757332800005,0.07873187
BIDUSDT,0.00061868,1757347200000,0.08214179
BIDUSDT,0.00005000,1757361600001,0.08247000
BIDUSDT,0.00031723,1757376000000,0.08171000
BIDUSDT,0.00052580,1757390400000,0.08648745
BIDUSDT,-0.00003826,1757404800000,0.11965304
BIDUSDT,0.00086723,1757419200004,0.11282197
BIDUSDT,0.00021438,1757433600000,0.12286415
BIDUSDT,0.00087489,1757448000000,0.13118000
BIDUSDT,0.00132684,1757462400000,0.13711963
BIDUSDT,0.00062396,1757476800001,0.12527171
BIDUSDT,0.00036902,1757491200002,0.11731870
BIDUSDT,0.00048857,1757505600004,0.12454215
BIDUSDT,0.00014020,1757520000000,0.10415690
BIDUSDT,0.00010835,1757534400007,0.10411000
BIDUSDT,0.00023777,1757548800000,0.11052345
BIDUSDT,0.00005529,1757563200003,0.11146192
BIDUSDT,0.00023225,1757577600000,0.10776000
BIDUSDT,0.00008675,1757592000005,0.10640000
BIDUSDT,0.00005000,1757606400001,0.10702253
BIDUSDT,0.00030831,1757620800001,0.10697000
BIDUSDT,0.00041374,1757635200002,0.10700000
BIDUSDT,0.00015228,1757649600004,0.10522044
BIDUSDT,0.00025059,1757664000001,0.10588705
BIDUSDT,0.00005000,1757678400001,0.10368000
BIDUSDT,0.00035905,1757692800005,0.09931618
BIDUSDT,0.00061692,1757707200000,0.10404000
BIDUSDT,0.00085218,1757721600005,0.10464373
BIDUSDT,0.00042776,1757736000002,0.10523000
BIDUSDT,0.00082231,1757750400002,0.11075383
BIDUSDT,0.00145023,1757764800005,0.12462000
BIDUSDT,0.00111971,1757779200000,0.11938000
BIDUSDT,0.00129818,1757793600001,0.11911588
BIDUSDT,0.00081596,1757808000006,0.12012000
BIDUSDT,0.00040625,1757822400001,0.11683390
BIDUSDT,0.00036899,1757836800000,0.11463000
BIDUSDT,0.00057634,1757851200004,0.10931508
BIDUSDT,0.00046809,1757865600001,0.10426502
BIDUSDT,0.00039207,1757880000000,0.10283000
BIDUSDT,0.00065200,1757894400006,0.10351557
BIDUSDT,0.00044490,1757908800000,0.10509446
BIDUSDT,0.00022359,1757923200002,0.10330620
BIDUSDT,0.00005000,1757937600003,0.10098000
BIDUSDT,0.00005000,1757952000001,0.09768000
BIDUSDT,0.00005000,1757966400001,0.10028397
BIDUSDT,0.00005000,1757980800001,0.10096000
BIDUSDT,0.00005000,1757995200000,0.10015000
BIDUSDT,0.00005000,1758009600000,0.10043202
BIDUSDT,0.00005000,1758024000002,0.09942001
BIDUSDT,0.00005000,1758038400000,0.09898220
BIDUSDT,0.00005000,1758052800004,0.10051027
BIDUSDT,0.00019712,1758067200001,0.10085000
BIDUSDT,0.00023399,1758081600004,0.09984072
BIDUSDT,0.00050195,1758096000000,0.10869153
BIDUSDT,0.00011877,1758110400000,0.10384000
BIDUSDT,0.00005000,1758124800003,0.10190000
BIDUSDT,0.00030246,1758139200000,0.10336000
BIDUSDT,0.00005000,1758153600006,0.10552867
BIDUSDT,0.00014544,1758168000001,0.10517009
BIDUSDT,0.00005553,1758182400002,0.10522687
BIDUSDT,0.00007680,1758196800000,0.10460000
BIDUSDT,0.00024749,1758211200000,0.10305000
BIDUSDT,0.00037551,1758225600008,0.09965748
BIDUSDT,0.00070331,1758240000000,0.09931000
BIDUSDT,0.00005000,1758254400003,0.10054000
BIDUSDT,0.00005000,1758268800005,0.09793000
BIDUSDT,0.00031937,1758283200000,0.09729146
BIDUSDT,0.00054087,1758297600000,0.09510000
BIDUSDT,0.00040263,1758312000004,0.09602000
BIDUSDT,0.00076711,1758326400000,0.09949000
BIDUSDT,0.00021362,1758340800000,0.10053000
BIDUSDT,0.00010922,1758355200000,0.10012000
BIDUSDT,0.00031448,1758369600008,0.10012000
BIDUSDT,0.00018592,1758384000002,0.09880000
BIDUSDT,0.00010380,1758398400000,0.09851000
BIDUSDT,0.00016576,1758412800000,0.09864000
BIDUSDT,0.00011140,1758427200002,0.09960000
BIDUSDT,0.00051335,1758441600000,0.10085000
BIDUSDT,0.00071230,1758456000002,0.09804302
BIDUSDT,0.00033941,1758470400000,0.09819293
BIDUSDT,0.00040712,1758484800000,0.09713000
BIDUSDT,0.00043305,1758499200005,0.09709570
BIDUSDT,0.00044185,1758513600000,0.09353000
BIDUSDT,0.00005000,1758528000003,0.08644000
BIDUSDT,0.00005000,1758542400005,0.08421017
BIDUSDT,0.00029343,1758556800000,0.08275000
BIDUSDT,0.00014873,1758571200001,0.08097000
BIDUSDT,0.00028586,1758585600000,0.08408000
BIDUSDT,0.00025665,1758600000012,0.08297965
BIDUSDT,0.00005000,1758614400001,0.08324000
BIDUSDT,0.00010938,1758628800000,0.08266165
BIDUSDT,0.00022578,1758643200000,0.08526000
BIDUSDT,0.00005000,1758657600001,0.08240338
BIDUSDT,0.00005000,1758672000003,0.08182000
BIDUSDT,0.00005000,1758686400000,0.07979000
BIDUSDT,0.00024870,1758700800001,0.08149552
BIDUSDT,0.00014417,1758715200001,0.08196000
BIDUSDT,0.00011496,1758729600002,0.08058000
BIDUSDT,0.00005000,1758744000001,0.08024793
BIDUSDT,0.00005000,1758758400000,0.07898598
BIDUSDT,0.00005000,1758772800000,0.07795251
BIDUSDT,0.00005000,1758787200001,0.07586200
BIDUSDT,0.00005000,1758801600000,0.07550122
BIDUSDT,0.00005000,1758816000000,0.07502985
BIDUSDT,0.00005000,1758830400000,0.07390830
BIDUSDT,0.00005000,1758844800000,0.07327949
BIDUSDT,0.00005000,1758859200002,0.07377000
BIDUSDT,0.00005000,1758873600000,0.07352000
BIDUSDT,0.00005000,1758888000000,0.07408435
BIDUSDT,0.00013792,1758902400008,0.07446003
BIDUSDT,0.00005000,1758916800005,0.07527000
BIDUSDT,0.00005000,1758931200000,0.07531787
BIDUSDT,0.00005000,1758945600000,0.07567000
BIDUSDT,0.00005000,1758960000010,0.07631001
BIDUSDT,0.00005000,1758974400003,0.07602000
BIDUSDT,0.00005000,1758988800003,0.07682000
BIDUSDT,0.00005000,1759003200002,0.07582597
BIDUSDT,0.00005000,1759017600000,0.07519420
BIDUSDT,0.00005000,1759032000002,0.07444433
BIDUSDT,0.00005000,1759046400000,0.07378368
BIDUSDT,0.00005000,1759060800000,0.07371000
BIDUSDT,0.00029407,1759075200000,0.07486000
BIDUSDT,0.00034997,1759089600004,0.07557000
BIDUSDT,0.00064806,1759104000000,0.08109726
BIDUSDT,0.00007432,1759118400000,0.07813000
BIDUSDT,0.00002155,1759132800002,0.08020650
BIDUSDT,-0.00002706,1759147200000,0.07878791
BIDUSDT,0.00005000,1759161600001,0.07938940
BIDUSDT,0.00005000,1759176000000,0.08062864
BIDUSDT,0.00005000,1759190400002,0.08096076
BIDUSDT,0.00005000,1759204800000,0.07892121
BIDUSDT,0.00005000,1759219200005,0.07791232
BIDUSDT,0.00005000,1759233600000,0.07673409
BIDUSDT,0.00005000,1759248000000,0.07382000
BIDUSDT,0.00031123,1759262400000,0.07608492
BIDUSDT,0.00021034,1759276800000,0.07611000
BIDUSDT,0.00005000,1759291200008,0.07550320
BIDUSDT,0.00005000,1759305600000,0.07604060
BIDUSDT,0.00014746,1759320000007,0.07947523
BIDUSDT,0.00012453,1759334400000,0.07857000
BIDUSDT,0.00026410,1759348800001,0.07926058
BIDUSDT,0.00008161,1759363200000,0.07925000
BIDUSDT,0.00029870,1759377600001,0.08056000
BIDUSDT,0.00012036,1759392000013,0.08039865
BIDUSDT,0.00005000,1759406400000,0.08019870
BIDUSDT,0.00005000,1759420800000,0.07917000
BIDUSDT,0.00072688,1759435200000,0.08120000
BIDUSDT,0.00005000,1759449600006,0.08058325
BIDUSDT,0.00005000,1759464000000,0.07920000
BIDUSDT,0.00005000,1759478400006,0.07836742
BIDUSDT,0.00005000,1759492800000,0.07753404
BIDUSDT,0.00015472,1759507200000,0.08105000
BIDUSDT,0.00044891,1759521600002,0.08157000
BIDUSDT,0.00007223,1759536000001,0.08049000
BIDUSDT,0.00005000,1759550400006,0.07791000
BIDUSDT,0.00034797,1759564800000,0.07719000
BIDUSDT,0.00009101,1759579200000,0.06842293
BIDUSDT,0.00005000,1759593600000,0.06754996
BIDUSDT,0.00005000,1759608000003,0.06821059
BIDUSDT,0.00005000,1759622400000,0.06819191
BIDUSDT,0.00005000,1759636800000,0.06754578
BIDUSDT,0.00051083,1759651200003,0.07607693
BIDUSDT,0.00005000,1759665600000,0.07303000
BIDUSDT,0.00007988,1759680000009,0.07121395
BIDUSDT,0.00024447,1759694400004,0.06940415
BIDUSDT,0.00005000,1759708800004,0.06895733
BIDUSDT,0.00005000,1759723200003,0.06826456
BIDUSDT,0.00009759,1759737600002,0.06828000
BIDUSDT,0.00056792,1759752000000,0.06758845
BIDUSDT,0.00086019,1759766400004,0.06934000
BIDUSDT,0.00038807,1759780800002,0.06892803
BIDUSDT,0.00056200,1759795200000,0.06985000
BIDUSDT,0.00037313,1759809600001,0.07042681
BIDUSDT,0.00020626,1759824000003,0.06971000
BIDUSDT,0.00071174,1759838400005,0.07344000
BIDUSDT,0.00053113,1759852800000,0.07123000
BIDUSDT,0.00016371,1759867200002,0.07084599
BIDUSDT,0.00005000,1759881600000,0.06790000
BIDUSDT,0.00037598,1759896000002,0.06619206
BIDUSDT,0.00019182,1759910400006,0.06766903
BIDUSDT,0.00022862,1759924800003,0.06809947
BIDUSDT,0.00059415,1759939200002,0.06821000
BIDUSDT,0.00031299,1759953600000,0.06997000
BIDUSDT,0.00015382,1759968000001,0.06920046
BIDUSDT,0.00047079,1759982400003,0.06809533
BIDUSDT,0.00005000,1759996800000,0.06647000
BIDUSDT,0.00005345,1760011200002,0.06441744
BIDUSDT,0.00005000,1760025600000,0.06193173
BIDUSDT,0.00019741,1760040000010,0.06233518
BIDUSDT,0.00005000,1760054400005,0.06283000
BIDUSDT,0.00056829,1760068800001,0.06369589
BIDUSDT,0.00005000,1760083200002,0.06273000
BIDUSDT,0.00063968,1760097600004,0.06477150
BIDUSDT,0.00035425,1760112000014,0.06237941
BIDUSDT,0.00014189,1760126400003,0.06047000
BIDUSDT,0.00077488,1760140800000,0.04942687
BIDUSDT,0.00005000,1760155200000,0.04722074
BIDUSDT,0.00005000,1760169600003,0.04798247
BIDUSDT,0.00005000,1760184000003,0.05096604
BIDUSDT,0.00005000,1760198400000,0.05198695
BIDUSDT,0.00005000,1760212800001,0.05072000
BIDUSDT,0.00037943,1760227200004,0.04978000
BIDUSDT,0.00008390,1760241600001,0.04959546
BIDUSDT,0.00017533,1760256000002,0.05147057
BIDUSDT,0.00006204,1760270400001,0.05215944
BIDUSDT,0.00029096,1760284800000,0.05582630
BIDUSDT,0.00005000,1760299200000,0.05600000
BIDUSDT,0.00006083,1760313600003,0.05512000
BIDUSDT,0.00005000,1760328000000,0.05449000
BIDUSDT,0.00018184,1760342400002,0.05602095
BIDUSDT,0.00024619,1760356800001,0.05618319
BIDUSDT,0.00011110,1760371200003,0.05644924
BIDUSDT,0.00005000,1760385600002,0.05820000
BIDUSDT,0.00005000,1760400000000,0.05918000
BIDUSDT,0.00015235,1760414400000,0.05688840
BIDUSDT,0.00007413,1760428800000,0.05386000
BIDUSDT,0.00008919,1760443200000,0.05413662
BIDUSDT,0.00011095,1760457600000,0.05542000
BIDUSDT,0.00011671,1760472000000,0.05586000
BIDUSDT,0.00012425,1760486400006,0.05586389
BIDUSDT,0.00005000,1760500800001,0.05590082
BIDUSDT,0.00008056,1760515200002,0.05709000
BIDUSDT,0.00005000,1760529600005,0.05607940
BIDUSDT,0.00015581,1760544000000,0.05598000
BIDUSDT,0.00007116,1760558400004,0.05482900
BIDUSDT,0.00018636,1760572800000,0.05435665
BIDUSDT,0.00013546,1760587200000,0.05552764
BIDUSDT,0.00032600,1760601600003,0.05563411
BIDUSDT,0.00027041,1760616000000,0.05548174
BIDUSDT,0.00005000,1760630400002,0.05171874
BIDUSDT,0.00005000,1760644800003,0.05154000
BIDUSDT,0.00005000,1760659200001,0.05172622
BIDUSDT,0.00022526,1760673600001,0.05306127
BIDUSDT,0.00005815,1760688000005,0.04864931
BIDUSDT,0.00006094,1760702400000,0.04934000
BIDUSDT,0.00024350,1760716800003,0.05009178
BIDUSDT,0.00009651,1760731200004,0.05025586
BIDUSDT,0.00011429,1760745600000,0.05069000
BIDUSDT,0.00037462,1760760000000,0.05335000
BIDUSDT,0.00014753,1760774400002,0.05482271
BIDUSDT,0.00028703,1760788800007,0.05529943
BIDUSDT,0.00058420,1760803200001,0.05769039
BIDUSDT,0.00005000,1760817600000,0.05261000
BIDUSDT,0.00022075,1760832000001,0.05292000
BIDUSDT,0.00043237,1760846400000,0.05309000
BIDUSDT,0.00005000,1760860800001,0.05216000
BIDUSDT,0.00009364,1760875200000,0.05361000
BIDUSDT,0.00011797,1760889600001,0.05443869
BIDUSDT,0.00022892,1760904000000,0.05515871
BIDUSDT,0.00005000,1760918400004,0.05375692
BIDUSDT,0.00008590,1760932800000,0.05382000
BIDUSDT,0.00005000,1760947200001,0.05357532
BIDUSDT,0.00026975,1760961600000,0.05225427
BIDUSDT,0.00019823,1760976000000,0.05027131
BIDUSDT,0.00005000,1760990400000,0.04950675
BIDUSDT,0.00005000,1761004800009,0.04937131
BIDUSDT,0.00005000,1761019200003,0.04838048
BIDUSDT,0.00005000,1761033600000,0.04781441
BIDUSDT,0.00005000,1761048000000,0.04840000
BIDUSDT,0.00021775,1761062400000,0.05084000
BIDUSDT,0.00018683,1761076800001,0.04948539
BIDUSDT,0.00033147,1761091200004,0.04777637
BIDUSDT,0.00005000,1761105600000,0.04701954
BIDUSDT,0.00007251,1761120000000,0.04704000
BIDUSDT,0.00012183,1761134400000,0.04662000
BIDUSDT,0.00036859,1761148800000,0.04642000
BIDUSDT,0.00035329,1761163200004,0.04574000
BIDUSDT,0.00025013,1761177600000,0.04532647
BIDUSDT,0.00029368,1761192000000,0.04583000
BIDUSDT,0.00005000,1761206400001,0.04643216
BIDUSDT,0.00015793,1761220800000,0.04600000
BIDUSDT,0.00019201,1761235200004,0.04645942
BIDUSDT,0.00022287,1761249600000,0.04759000
BIDUSDT,0.00005000,1761264000000,0.04791755
BIDUSDT,0.00007563,1761278400002,0.04793620
BIDUSDT,0.00036881,1761292800000,0.04805000
BIDUSDT,0.00005000,1761307200002,0.04916000
BIDUSDT,0.00005000,1761321600009,0.04845654
BIDUSDT,0.00005000,1761336000000,0.04877000
BIDUSDT,0.00015976,1761350400000,0.05129926
BIDUSDT,0.00018177,1761364800000,0.05302000
BIDUSDT,0.00021294,1761379200001,0.05213091
BIDUSDT,0.00005000,1761393600000,0.05383000
BIDUSDT,0.00005000,1761408000001,0.06408239
BIDUSDT,0.00005000,1761422400002,0.06204263
BIDUSDT,0.00005000,1761436800001,0.05992025
BIDUSDT,0.00005000,1761451200000,0.06050798
BIDUSDT,0.00005000,1761465600001,0.07019863
BIDUSDT,0.00005000,1761480000002,0.06669906
BIDUSDT,0.00005000,1761494400000,0.06805625
BIDUSDT,0.00012620,1761508800000,0.06537000
BIDUSDT,-0.00008026,1761523200000,0.06938127
BIDUSDT,0.00005000,1761537600000,0.06930000
BIDUSDT,0.00005000,1761552000005,0.06724000
BIDUSDT,0.00005000,1761566400003,0.06315083
BIDUSDT,0.00005000,1761580800000,0.06098000
BIDUSDT,0.00005000,1761595200001,0.06226000
BIDUSDT,0.00005000,1761609600000,0.06037000
BIDUSDT,0.00008141,1761624000004,0.05944000
BIDUSDT,0.00019680,1761638400000,0.05980000
BIDUSDT,0.00015232,1761652800000,0.06103808
BIDUSDT,0.00005480,1761667200004,0.05913442
BIDUSDT,0.00018705,1761681600004,0.05906000
BIDUSDT,0.00020266,1761696000004,0.05886000
BIDUSDT,0.00005000,1761710400005,0.05801674
BIDUSDT,0.00009247,1761724800005,0.05928517
BIDUSDT,0.00026326,1761739200011,0.06006000
BIDUSDT,0.00005000,1761753600000,0.05749401
BIDUSDT,0.00008778,1761768000008,0.05870299
BIDUSDT,0.00005000,1761782400004,0.05845737
BIDUSDT,0.00014240,1761796800001,0.05887659
BIDUSDT,0.00042068,1761811200008,0.05808955
BIDUSDT,0.00005000,1761825600006,0.05573284
BIDUSDT,0.00050282,1761840000001,0.05441000
BIDUSDT,0.00005000,1761854400000,0.05260924
BIDUSDT,0.00039147,1761868800000,0.05384000
BIDUSDT,0.00031067,1761883200000,0.05502000
BIDUSDT,0.00014636,1761897600008,0.05481000
BIDUSDT,0.00028629,1761912000008,0.05625019
BIDUSDT,0.00005000,1761926400007,0.05652367
BIDUSDT,0.00026003,1761940800001,0.05761000
BIDUSDT,0.00005000,1761955200001,0.05689268
BIDUSDT,0.00061800,1761969600000,0.06058000
BIDUSDT,0.00028809,1761984000000,0.06282387
BIDUSDT,0.00030405,1761998400000,0.06193433
BIDUSDT,0.00043135,1762012800000,0.06162000
BIDUSDT,0.00023109,1762027200003,0.06205000
BIDUSDT,0.00005000,1762041600007,0.06135000
BIDUSDT,0.00010637,1762056000002,0.06137000
BIDUSDT,0.00015832,1762070400000,0.06383977
BIDUSDT,0.00017645,1762084800001,0.06300819
BIDUSDT,0.00012492,1762099200001,0.06186000
BIDUSDT,0.00019420,1762113600001,0.06258263
BIDUSDT,0.00030254,1762128000000,0.06384636
BIDUSDT,0.00022998,1762142400003,0.05752000
BIDUSDT,0.00057162,1762156800010,0.05764352
BIDUSDT,0.00034701,1762171200002,0.05728072
BIDUSDT,0.00017826,1762185600000,0.05485676
BIDUSDT,0.00053721,1762200000008,0.05456792
BIDUSDT,0.00046715,1762214400002,0.05458741
BIDUSDT,0.00057867,1762228800000,0.05702000
BIDUSDT,0.00047408,1762243200004,0.05444000
BIDUSDT,0.00077463,1762257600000,0.05583000
BIDUSDT,0.00071066,1762272000000,0.05543000
BIDUSDT,0.00072127,1762286400001,0.05154903
BIDUSDT,0.00139705,1762300800000,0.05317000
BIDUSDT,0.00065157,1762315200005,0.05377086
BIDUSDT,0.00057026,1762329600000,0.05565480
BIDUSDT,0.00083940,1762344000000,0.05531895
BIDUSDT,0.00028799,1762358400004,0.05531000
BIDUSDT,0.00044491,1762372800001,0.05439000
BIDUSDT,0.00033811,1762387200001,0.05240000
BIDUSDT,0.00012811,1762401600009,0.05217534
BIDUSDT,0.00020627,1762416000000,0.05068000
BIDUSDT,0.00059068,1762430400001,0.05065000
BIDUSDT,0.00020803,1762444800001,0.04771383
BIDUSDT,0.00030106,1762459200006,0.04834000
BIDUSDT,0.00079083,1762473600005,0.04916000
BIDUSDT,0.00089761,1762488000000,0.05059000
BIDUSDT,0.00050404,1762502400003,0.05459416
BIDUSDT,0.00047828,1762516800005,0.05047342
BIDUSDT,0.00060813,1762531200005,0.05075000
BIDUSDT,0.00144668,1762545600000,0.05409281
BIDUSDT,0.00117512,1762560000011,0.05455000
BIDUSDT,0.00046304,1762574400001,0.05297214
BIDUSDT,0.00037583,1762588800015,0.05276851
BIDUSDT,0.00103872,1762603200000,0.05298000
BIDUSDT,0.00017287,1762617600001,0.05137450
BIDUSDT,0.00089666,1762632000006,0.05220468
BIDUSDT,0.00067115,1762646400004,0.05147305
BIDUSDT,0.00039398,1762660800000,0.04981000
BIDUSDT,0.00065519,1762675200000,0.05033920
BIDUSDT,0.00073580,1762689600000,0.05055356
BIDUSDT,0.00077368,1762704000005,0.05097614
BIDUSDT,0.00087061,1762718400010,0.05174000
BIDUSDT,0.00070627,1762732800000,0.05095000
BIDUSDT,0.00024920,1762747200005,0.05105657
BIDUSDT,0.00022542,1762761600000,0.05017472
BIDUSDT,0.00009903,1762776000003,0.04974641
BIDUSDT,0.00005000,1762790400003,0.04632000
BIDUSDT,0.00005000,1762804800000,0.04836000
BIDUSDT,0.00005000,1762819200007,0.04849222
BIDUSDT,0.00025860,1762833600003,0.04887754
BIDUSDT,0.00005000,1762848000000,0.04778924
BIDUSDT,0.00005000,1762862400002,0.04902294
BIDUSDT,0.00005000,1762876800009,0.04779000
BIDUSDT,0.00005000,1762891200000,0.04773000
BIDUSDT,0.00005000,1762905600000,0.04710000
BIDUSDT,0.00005000,1762920000000,0.04696000
BIDUSDT,0.00043592,1762934400002,0.04716375
BIDUSDT,0.00024104,1762948800000,0.04831000
BIDUSDT,0.00005000,1762963200000,0.04553367
BIDUSDT,0.00005000,1762977600001,0.04404026
BIDUSDT,0.00014278,1762992000002,0.04429000
BIDUSDT,0.00017147,1763006400000,0.04470000
BIDUSDT,0.00005000,1763020800000,0.04514000
BIDUSDT,0.00005000,1763035200001,0.04610000
BIDUSDT,0.00005000,1763049600001,0.04448000
BIDUSDT,0.00007095,1763064000004,0.04208230
BIDUSDT,0.00017660,1763078400000,0.04299013
BIDUSDT,0.00016804,1763092800000,0.04306000
BIDUSDT,0.00012770,1763107200000,0.04263121
BIDUSDT,0.00019063,1763121600001,0.04129244
BIDUSDT,0.00005000,1763136000001,0.04116466
BIDUSDT,0.00005000,1763150400000,0.04121000
BIDUSDT,0.00005000,1763164800005,0.03951000
BIDUSDT,0.00019452,1763179200015,0.04111702
BIDUSDT,0.00042290,1763193600000,0.04132729
BIDUSDT,0.00005000,1763208000008,0.04046000
BIDUSDT,0.00019866,1763222400001,0.04124000
BIDUSDT,0.00025685,1763236800003,0.04167818
BIDUSDT,0.00048587,1763251200001,0.04117504
BIDUSDT,0.00049800,1763265600003,0.04102000
BIDUSDT,0.00071411,1763280000000,0.04138000
BIDUSDT,0.00005000,1763294400003,0.04004213
BIDUSDT,0.00005000,1763308800000,0.03803292
BIDUSDT,0.00005000,1763323200000,0.03856000
BIDUSDT,0.00005000,1763337600003,0.03889517
BIDUSDT,0.00033057,1763352000001,0.03980898
BIDUSDT,0.00032027,1763366400003,0.03917000
BIDUSDT,0.00008075,1763380800000,0.03923399
BIDUSDT,0.00008008,1763395200000,0.03810723
BIDUSDT,0.00005000,1763409600003,0.03693257
BIDUSDT,0.00005000,1763424000002,0.03680000
BIDUSDT,0.00012371,1763438400000,0.03718682
BIDUSDT,0.00005000,1763452800004,0.03724157
BIDUSDT,0.00020708,1763467200000,0.03734224
BIDUSDT,0.00031221,1763481600000,0.03804000
BIDUSDT,0.00019480,1763496000002,0.03796606
BIDUSDT,0.00005000,1763510400000,0.03758000
BIDUSDT,0.00027456,1763524800000,0.03749000
BIDUSDT,0.00012121,1763539200000,0.03755000
BIDUSDT,0.00005000,1763553600000,0.03684134
BIDUSDT,0.00005000,1763568000008,0.03575950
BIDUSDT,0.00019324,1763582400000,0.03723661
BIDUSDT,0.00005000,1763596800000,0.03705000
BIDUSDT,0.00005000,1763611200006,0.03732000
BIDUSDT,0.00053747,1763625600000,0.03775000
BIDUSDT,0.00029301,1763640000003,0.03824000
BIDUSDT,0.00005000,1763654400000,0.03652408
BIDUSDT,0.00005000,1763668800002,0.03521000
BIDUSDT,0.00005000,1763683200001,0.03546760
BIDUSDT,0.00005000,1763697600000,0.03566927
BIDUSDT,0.00032848,1763712000000,0.03712000
BIDUSDT,0.00009438,1763726400001,0.03634000
BIDUSDT,0.00007592,1763740800001,0.03543000
BIDUSDT,0.00042986,1763755200000,0.03612000
BIDUSDT,0.00022245,1763769600004,0.03614398
BIDUSDT,0.00005000,1763784000000,0.03606109
BIDUSDT,0.00005000,1763798400000,0.03535340
BIDUSDT,0.00044708,1763812800000,0.03626000
BIDUSDT,0.00032842,1763827200000,0.03574000
BIDUSDT,0.00012290,1763841600001,0.03573587
BIDUSDT,0.00009893,1763856000000,0.03599255
BIDUSDT,0.00005000,1763870400000,0.03598000
BIDUSDT,0.00005000,1763884800008,0.03706918
BIDUSDT,0.00005000,1763899200000,0.03673856
BIDUSDT,0.00005000,1763913600003,0.03315276
BIDUSDT,0.00005000,1763928000003,0.03221990
BIDUSDT,0.00005000,1763942400004,0.03313000
BIDUSDT,0.00005000,1763956800000,0.03393000
BIDUSDT,0.00005000,1763971200000,0.03454095
BIDUSDT,0.00005000,1763985600000,0.03455941
BIDUSDT,0.00005000,1764000000006,0.03381202
BIDUSDT,0.00005000,1764014400003,0.03426581
BIDUSDT,0.00005000,1764028800000,0.03422327
BIDUSDT,0.00005000,1764043200000,0.03405175
BIDUSDT,0.00005000,1764057600009,0.03424775
BIDUSDT,0.00007271,1764072000002,0.03391966
BIDUSDT,0.00029133,1764086400007,0.03407446
BIDUSDT,0.00009794,1764100800009,0.03450000
BIDUSDT,0.00005000,1764115200001,0.03479252
BIDUSDT,0.00005000,1764129600006,0.03463198
BIDUSDT,0.00005000,1764144000001,0.03535000
BIDUSDT,0.00064203,1764158400001,0.03575000
BIDUSDT,0.00005000,1764172800000,0.03422505
BIDUSDT,0.00005000,1764187200001,0.03538000
BIDUSDT,0.00008940,1764201600013,0.03547000
BIDUSDT,0.00029888,1764216000007,0.03579000
BIDUSDT,0.00011822,1764230400000,0.03560291
BIDUSDT,0.00056084,1764244800002,0.03559000
BIDUSDT,0.00013786,1764259200004,0.03689000
BIDUSDT,0.00035397,1764273600004,0.03856000
BIDUSDT,0.00005000,1764288000008,0.03690000
BIDUSDT,0.00005000,1764302400000,0.03476845
BIDUSDT,0.00005000,1764316800000,0.03491532
BIDUSDT,0.00005000,1764331200004,0.03568505
BIDUSDT,0.00005000,1764345600008,0.03575958
BIDUSDT,0.00024428,1764360000010,0.03572000
BIDUSDT,0.00005000,1764374400000,0.03546848
BIDUSDT,0.00005000,1764388800002,0.03517624
BIDUSDT,0.00005000,1764403200005,0.03410975
BIDUSDT,0.00005000,1764417600003,0.03417423
BIDUSDT,0.00005000,1764432000001,0.03319000
BIDUSDT,0.00084076,1764446400000,0.03348000
BIDUSDT,0.00005000,1764460800003,0.03329068
BIDUSDT,0.00070756,1764475200004,0.03344565
BIDUSDT,0.00028237,1764489600000,0.03311846
BIDUSDT,0.00014534,1764504000000,0.03295000
BIDUSDT,0.00005000,1764518400004,0.03290450
BIDUSDT,0.00005000,1764532800006,0.03888392
BIDUSDT,0.00124927,1764547200000,0.04451431
BIDUSDT,0.00081307,1764561600000,0.04839000
BIDUSDT,0.00013609,1764576000004,0.04055205
BIDUSDT,0.00013721,1764590400000,0.04065000
BIDUSDT,0.00005000,1764604800000,0.03760436
BIDUSDT,0.00005000,1764619200000,0.03668000
BIDUSDT,0.00005000,1764633600004,0.03602015
BIDUSDT,0.00005000,1764648000000,0.03293866
BIDUSDT,0.00005000,1764662400000,0.03294000
BIDUSDT,0.00005000,1764676800004,0.03465384
BIDUSDT,0.00005000,1764691200000,0.03435480
BIDUSDT,0.00005000,1764705600000,0.03422000
BIDUSDT,0.00005000,1764720000000,0.03388256
BIDUSDT,0.00005000,1764734400004,0.03330067
BIDUSDT,0.00005000,1764748800000,0.03357000
BIDUSDT,0.00005000,1764763200001,0.03344381
BIDUSDT,0.00005000,1764777600005,0.03354000
BIDUSDT,0.00005000,1764792000002,0.03353844
BIDUSDT,0.00007548,1764806400012,0.03423800
BIDUSDT,0.00022188,1764820800000,0.03494847
BIDUSDT,0.00012831,1764835200000,0.03495000
BIDUSDT,0.00010609,1764849600005,0.03499082
BIDUSDT,0.00005000,1764864000011,0.03455903
BIDUSDT,0.00005000,1764878400000,0.03404775
BIDUSDT,0.00005000,1764892800000,0.03479000
BIDUSDT,0.00005000,1764907200000,0.03432000
BIDUSDT,0.00014715,1764921600000,0.03516760
BIDUSDT,0.00008880,1764936000001,0.03449218
BIDUSDT,0.00005000,1764950400010,0.03420613
BIDUSDT,0.00024017,1764964800001,0.03420000
BIDUSDT,0.00026556,1764979200001,0.03555000
BIDUSDT,0.00005000,1764993600000,0.03531000
BIDUSDT,0.00005443,1765008000001,0.03618000
BIDUSDT,0.00005000,1765022400000,0.03570000
BIDUSDT,0.00018101,1765036800008,0.03665000
BIDUSDT,0.00005000,1765051200000,0.03375962
BIDUSDT,0.00005000,1765065600000,0.03468000
BIDUSDT,0.00005000,1765080000000,0.03478939
BIDUSDT,0.00005000,1765094400004,0.03498399
BIDUSDT,0.00005000,1765108800004,0.03472000
BIDUSDT,0.00005000,1765123200000,0.03419000
BIDUSDT,0.00005000,1765137600000,0.03511873
BIDUSDT,0.00005000,1765152000000,0.03416565
BIDUSDT,0.00011673,1765166400000,0.03511000
BIDUSDT,0.00027840,1765180800000,0.03502000
BIDUSDT,0.00027133,1765195200001,0.03510172
BIDUSDT,0.00011695,1765209600001,0.03478768
BIDUSDT,0.00032659,1765224000000,0.03442464
BIDUSDT,0.00037495,1765238400001,0.03461000
BIDUSDT,0.00005000,1765252800004,0.03482000
BIDUSDT,0.00005000,1765267200001,0.03453000
BIDUSDT,0.00054906,1765281600000,0.03455000
BIDUSDT,0.00046729,1765296000007,0.03563359
BIDUSDT,0.00048193,1765310400001,0.03574000
BIDUSDT,0.00005167,1765324800007,0.03559000
BIDUSDT,0.00064123,1765339200012,0.03509021
BIDUSDT,0.00005000,1765353600002,0.03465606
BIDUSDT,0.00005000,1765368000000,0.03434463
BIDUSDT,0.00005000,1765382400012,0.03426908
BIDUSDT,0.00005000,1765396800000,0.03483000
BIDUSDT,0.00005000,1765411200001,0.03461710
BIDUSDT,0.00005000,1765425600000,0.03294712
BIDUSDT,0.00005000,1765440000000,0.03285000
BIDUSDT,0.00005000,1765454400000,0.03301000
BIDUSDT,0.00020147,1765468800000,0.03305000
BIDUSDT,0.00005557,1765483200001,0.03338989
BIDUSDT,0.00005000,1765497600005,0.03340000
BIDUSDT,0.00005000,1765512000000,0.03354372
BIDUSDT,0.00005000,1765526400007,0.03349659
BIDUSDT,0.00005000,1765540800000,0.03328012
BIDUSDT,0.00005000,1765555200002,0.03210891
BIDUSDT,0.00005000,1765569600004,0.03207000
BIDUSDT,0.00005000,1765584000001,0.03156000
BIDUSDT,0.00055413,1765598400006,0.03239000
BIDUSDT,0.00005000,1765612800006,0.03167020
BIDUSDT,0.00005000,1765627200002,0.03150778
BIDUSDT,0.00017080,1765641600000,0.03169941
BIDUSDT,0.00033076,1765656000000,0.03178000
BIDUSDT,0.00005000,1765670400000,0.03152000
BIDUSDT,0.00005000,1765684800001,0.03160000
BIDUSDT,0.00005000,1765699200003,0.03115000
BIDUSDT,0.00005000,1765713600000,0.03045000
BIDUSDT,0.00005000,1765728000005,0.03028000
BIDUSDT,0.00005000,1765742400000,0.02997000
BIDUSDT,0.00005000,1765756800000,0.02984684
BIDUSDT,0.00005000,1765771200001,0.02989000
BIDUSDT,0.00005000,1765785600000,0.02998536
BIDUSDT,0.00005000,1765800000000,0.02998000
BIDUSDT,0.00005000,1765814400000,0.02877121
BIDUSDT,0.00005000,1765828800000,0.02799906
BIDUSDT,0.00005000,1765843200002,0.02828000
BIDUSDT,0.00005000,1765857600000,0.02867174
BIDUSDT,0.00005000,1765872000000,0.02856000
BIDUSDT,0.00005000,1765886400008,0.02840000
BIDUSDT,0.00005000,1765900800002,0.02878000
BIDUSDT,0.00005000,1765915200000,0.02844000
BIDUSDT,0.00005000,1765929600004,0.02831000
BIDUSDT,0.00005000,1765944000002,0.02804966
BIDUSDT,0.00005000,1765958400000,0.02818000
BIDUSDT,0.00005000,1765972800000,0.02790000
BIDUSDT,0.00005000,1765987200000,0.02743551
BIDUSDT,0.00005000,1766001600001,0.02688282
BIDUSDT,0.00005000,1766016000005,0.02697067
BIDUSDT,0.00005000,1766030400000,0.02670109
BIDUSDT,0.00005000,1766044800007,0.02681740
BIDUSDT,0.00005000,1766059200000,0.02681428
BIDUSDT,0.00005000,1766073600001,0.02731557
BIDUSDT,0.00005000,1766088000000,0.02526225
BIDUSDT,0.00005000,1766102400000,0.02579000
BIDUSDT,0.00005000,1766116800000,0.02591000
BIDUSDT,0.00005000,1766131200001,0.02603573
BIDUSDT,0.00005000,1766145600000,0.02620000
BIDUSDT,0.00005000,1766160000000,0.02614000
BIDUSDT,0.00005000,1766174400000,0.02660000
BIDUSDT,0.00005000,1766188800005,0.02655000
BIDUSDT,0.00005000,1766203200001,0.02632000
BIDUSDT,0.00005000,1766217600000,0.02623000
BIDUSDT,0.00005000,1766232000000,0.02610002
BIDUSDT,0.00005000,1766246400002,0.02631172
BIDUSDT,0.00005000,1766260800009,0.02603289
BIDUSDT,0.00005000,1766275200000,0.02574497
BIDUSDT,0.00005000,1766289600003,0.02561214
BIDUSDT,0.00005000,1766304000009,0.02577000
BIDUSDT,0.00005000,1766318400000,0.02573091
BIDUSDT,0.00005000,1766332800000,0.02493998
BIDUSDT,0.00005000,1766347200009,0.02522000
BIDUSDT,0.00005000,1766361600000,0.02510573
BIDUSDT,0.00005000,1766376000000,0.02516384
BIDUSDT,0.00008771,1766390400005,0.02538000
BIDUSDT,0.00005000,1766404800002,0.02558000
BIDUSDT,0.00005000,1766419200009,0.02545516
BIDUSDT,0.00005000,1766433600001,0.02563696
BIDUSDT,0.00005000,1766448000000,0.02545560
BIDUSDT,0.00005000,1766462400000,0.02553022
BIDUSDT,0.00011263,1766476800000,0.02547154
BIDUSDT,0.00039679,1766491200000,0.02602488
BIDUSDT,0.00005000,1766505600001,0.02546000
BIDUSDT,0.00005000,1766520000005,0.02560402
BIDUSDT,0.00005000,1766534400001,0.02551884
BIDUSDT,0.00005000,1766548800000,0.02523819
BIDUSDT,0.00005000,1766563200001,0.02451000
BIDUSDT,0.00034982,1766577600002,0.02470000
BIDUSDT,0.00024193,1766592000000,0.02522227
BIDUSDT,0.00010560,1766606400003,0.02565261
BIDUSDT,0.00019913,1766620800000,0.02576016
BIDUSDT,0.00019890,1766635200000,0.02580000
BIDUSDT,0.00064367,1766649600001,0.02614005
BIDUSDT,0.00005000,1766664000008,0.02587685
BIDUSDT,0.00005000,1766678400005,0.02584464
BIDUSDT,0.00005000,1766692800001,0.02615791
BIDUSDT,0.00023116,1766707200004,0.02536497
BIDUSDT,0.00005000,1766721600005,0.02585000
BIDUSDT,0.00005000,1766736000001,0.02573000
BIDUSDT,0.00005000,1766750400000,0.02586927
BIDUSDT,0.00005000,1766764800007,0.02571121
BIDUSDT,0.00005000,1766779200000,0.02530573
BIDUSDT,0.00005000,1766793600000,0.02575000
BIDUSDT,0.00005000,1766808000000,0.02563000
BIDUSDT,0.00005000,1766822400000,0.02546936
BIDUSDT,0.00005000,1766836800000,0.02545000
BIDUSDT,0.00005000,1766851200011,0.02583000
BIDUSDT,0.00005000,1766865600003,0.02604000
BIDUSDT,0.00005000,1766880000008,0.02621000
BIDUSDT,0.00005000,1766894400000,0.02636000
BIDUSDT,0.00005000,1766908800000,0.02611201
BIDUSDT,0.00005000,1766923200010,0.02602710
BIDUSDT,0.00005000,1766937600000,0.02637000
BIDUSDT,0.00005000,1766952000002,0.02616000
BIDUSDT,0.00005000,1766966400016,0.02617640
BIDUSDT,0.00005000,1766980800000,0.02660035
BIDUSDT,0.00005000,1766995200001,0.02701179
BIDUSDT,0.00005000,1767009600001,0.02613689
BIDUSDT,0.00005000,1767024000000,0.02597000
BIDUSDT,0.00005000,1767038400000,0.02609000
BIDUSDT,0.00005000,1767052800005,0.02633547
BIDUSDT,0.00005000,1767067200012,0.02601000
BIDUSDT,0.00005000,1767081600001,0.02626000
BIDUSDT,0.00023065,1767096000000,0.02676000
BIDUSDT,0.00005000,1767110400003,0.02657965
BIDUSDT,0.00055547,1767124800001,0.02668000
BIDUSDT,0.00005000,1767139200004,0.02655001
BIDUSDT,0.00005000,1767153600008,0.02646000
BIDUSDT,0.00005000,1767168000001,0.02653000
BIDUSDT,0.00005000,1767182400007,0.02684086
BIDUSDT,0.00005000,1767196800001,0.02685205
BIDUSDT,0.00005000,1767211200009,0.02662638
BIDUSDT,0.00034105,1767225600008,0.02635000
BIDUSDT,0.00005000,1767240000000,0.02655862
BIDUSDT,0.00046265,1767254400002,0.02665351
BIDUSDT,0.00039776,1767268800007,0.02689944
BIDUSDT,0.00065689,1767283200001,0.02702338
BIDUSDT,0.00140083,1767297600005,0.02762000
BIDUSDT,0.00005000,1767312000006,0.02722407
BIDUSDT,0.00005000,1767326400000,0.02742629
BIDUSDT,0.00078343,1767340800007,0.02759512
BIDUSDT,0.00021487,1767355200000,0.02744000
BIDUSDT,0.00005000,1767369600000,0.02758396
BIDUSDT,0.00016239,1767384000000,0.02825000
BIDUSDT,0.00065390,1767398400001,0.02834000
BIDUSDT,0.00037145,1767412800000,0.02838000
BIDUSDT,0.00007805,1767427200000,0.02782337
BIDUSDT,0.00005000,1767441600008,0.02798000
BIDUSDT,0.00017011,1767456000000,0.02823739
BIDUSDT,0.00050657,1767470400001,0.02840000
BIDUSDT,0.00017930,1767484800000,0.02889000
BIDUSDT,0.00005000,1767499200000,0.02875994
BIDUSDT,0.00005000,1767513600000,0.02862408
BIDUSDT,0.00021073,1767528000001,0.02880540
BIDUSDT,0.00072629,1767542400001,0.02901000
BIDUSDT,0.00018496,1767556800002,0.02968908
BIDUSDT,0.00005000,1767571200000,0.02933041
BIDUSDT,0.00021728,1767585600001,0.03006000
BIDUSDT,0.00005000,1767600000000,0.02973790
BIDUSDT,0.00005000,1767614400000,0.02991339
BIDUSDT,0.00042231,1767628800000,0.03014000
BIDUSDT,0.00005000,1767643200000,0.03070956
BIDUSDT,0.00012917,1767657600010,0.03097507
BIDUSDT,0.00026875,1767672000000,0.03073047
BIDUSDT,0.00018678,1767686400000,0.03024000
BIDUSDT,0.00068558,1767700800000,0.03117000
BIDUSDT,0.00005000,1767715200000,0.03145393
BIDUSDT,0.00005000,1767729600002,0.03054173
BIDUSDT,0.00005000,1767744000001,0.03122000
BIDUSDT,0.00005000,1767758400003,0.03048506
BIDUSDT,0.00005000,1767772800001,0.03082000
BIDUSDT,0.00006078,1767787200000,0.03049494
BIDUSDT,0.00005000,1767801600001,0.02963000
BIDUSDT,0.00005000,1767816000001,0.02982994
BIDUSDT,0.00005000,1767830400001,0.02968000
BIDUSDT,0.00005000,1767844800000,0.02927000
BIDUSDT,0.00005000,1767859200000,0.02905000
BIDUSDT,0.00009903,1767873600002,0.02883766
BIDUSDT,0.00012827,1767888000000,0.02875222
BIDUSDT,0.00042036,1767902400000,0.02881000
BIDUSDT,0.00072911,1767916800003,0.02939491
BIDUSDT,0.00005000,1767931200000,0.02932808
BIDUSDT,0.00011124,1767945600000,0.02929082
BIDUSDT,0.00027999,1767960000000,0.02880164
BIDUSDT,0.00005000,1767974400001,0.02923489
BIDUSDT,0.00005000,1767988800005,0.02875903
BIDUSDT,0.00013018,1768003200000,0.02904111
BIDUSDT,0.00061193,1768017600000,0.02902123
BIDUSDT,0.00064120,1768032000002,0.02901136
BIDUSDT,0.00082059,1768046400000,0.02928944
BIDUSDT,0.00041917,1768060800001,0.02933011
BIDUSDT,0.00006742,1768075200014,0.02931713
BIDUSDT,0.00005000,1768089600003,0.02849278
BIDUSDT,0.00005030,1768104000000,0.02892000
BIDUSDT,0.00005000,1768118400006,0.02898000
BIDUSDT,0.00005000,1768132800000,0.02901000
BIDUSDT,0.00005000,1768147200000,0.02889833
BIDUSDT,0.00041716,1768161600002,0.02868000
BIDUSDT,0.00005000,1768176000005,0.02839842
BIDUSDT,0.00014127,1768190400008,0.02851000
BIDUSDT,0.00005000,1768204800000,0.02824804
BIDUSDT,0.00005000,1768219200000,0.02788438
BIDUSDT,0.00005408,1768233600000,0.02793000
BIDUSDT,0.00046944,1768248000000,0.02823324
BIDUSDT,0.00005000,1768262400007,0.02762584
BIDUSDT,0.00016460,1768276800000,0.02790029
BIDUSDT,0.00005000,1768291200009,0.02782000
BIDUSDT,0.00052104,1768305600000,0.02770000
BIDUSDT,0.00052606,1768320000002,0.02820514
BIDUSDT,0.00049583,1768334400003,0.02861000
BIDUSDT,0.00083438,1768348800000,0.02904000
BIDUSDT,0.00005000,1768363200001,0.02902000
BIDUSDT,0.00005000,1768377600001,0.02849719
BIDUSDT,0.00005000,1768392000000,0.02909842
BIDUSDT,0.00005000,1768406400004,0.02919937
BIDUSDT,0.00005000,1768420800007,0.02965000
BIDUSDT,0.00005000,1768435200000,0.02951000
BIDUSDT,0.00005000,1768449600008,0.02847390
BIDUSDT,0.00011335,1768464000004,0.02929000
BIDUSDT,0.00021864,1768478400000,0.02912000
BIDUSDT,0.00016357,1768492800002,0.02857000
BIDUSDT,0.00005000,1768507200000,0.02833000
BIDUSDT,0.00005000,1768521600000,0.02828000
BIDUSDT,0.00005000,1768536000000,0.02829000
BIDUSDT,0.00012726,1768550400000,0.02899729
BIDUSDT,0.00041962,1768564800001,0.02917447
BIDUSDT,0.00005000,1768579200001,0.02845000
BIDUSDT,0.00005000,1768593600003,0.02878000
BIDUSDT,0.00005000,1768608000000,0.02923000
BIDUSDT,0.00005000,1768622400000,0.02896910
BIDUSDT,0.00005000,1768636800000,0.02883000
BIDUSDT,0.00005000,1768651200000,0.02454371
BIDUSDT,0.00005000,1768665600002,0.02457000
BIDUSDT,0.00005000,1768680000002,0.02531000
BIDUSDT,0.00005000,1768694400001,0.02501000
BIDUSDT,0.00005000,1768708800002,0.02380000
BIDUSDT,0.00011550,1768723200000,0.02336000
BIDUSDT,0.00005000,1768737600000,0.02304000
BIDUSDT,0.00005000,1768752000000,0.02285295
BIDUSDT,0.00005000,1768766400011,0.02266000
BIDUSDT,0.00018671,1768780800007,0.02178000
BIDUSDT,0.00005000,1768795200002,0.01949000
BIDUSDT,0.00005000,1768809600007,0.01893000
BIDUSDT,0.00005000,1768824000000,0.01853231
BIDUSDT,0.00005000,1768838400007,0.01889000
BIDUSDT,0.00005000,1768852800000,0.01874000
BIDUSDT,0.00005000,1768867200005,0.01863420
BIDUSDT,0.00005000,1768881600008,0.01851000
BIDUSDT,0.00047926,1768896000001,0.01786720
BIDUSDT,0.00038921,1768910400007,0.01799000
BIDUSDT,0.00030030,1768924800009,0.01773000
BIDUSDT,0.00037851,1768939200002,0.01739000
BIDUSDT,0.00132733,1768953600001,0.01689701
BIDUSDT,0.00197367,1768968000009,0.01671760
BIDUSDT,0.00222862,1768982400011,0.01571629
